draw_no,date,rank,numbers,core5,cover_number,core5_matches,main_matches,bonus_match,grade,score,core_score,actual,bonus,train_draws,train_until_draw_no
2,2000-10-12,1,06 10 24 35 37 42,10 24 35 37 42,06,0,0,False,はずれ,0.663456,0.661132,01 09 16 20 21 43,05,1,1
2,2000-10-12,2,10 21 24 35 37 42,10 24 35 37 42,21,0,1,False,はずれ,0.660312,0.661132,01 09 16 20 21 43,05,1,1
2,2000-10-12,3,06 18 24 35 37 42,06 18 24 35 37,42,0,0,False,はずれ,0.646548,0.630477,01 09 16 20 21 43,05,1,1
2,2000-10-12,4,06 18 21 24 35 37,06 18 24 35 37,21,0,1,False,はずれ,0.641602,0.630477,01 09 16 20 21 43,05,1,1
2,2000-10-12,5,06 21 24 35 37 42,06 21 24 35 42,37,1,1,False,はずれ,0.646006,0.627372,01 09 16 20 21 43,05,1,1
3,2000-10-19,1,06 10 24 35 37 42,10 24 35 37 42,06,0,0,False,はずれ,0.663456,0.661132,01 05 15 31 36 38,13,2,2
3,2000-10-19,2,10 21 24 35 37 42,10 24 35 37 42,21,0,0,False,はずれ,0.660312,0.661132,01 05 15 31 36 38,13,2,2
3,2000-10-19,3,06 18 24 35 37 42,06 18 24 35 37,42,0,0,False,はずれ,0.646548,0.630477,01 05 15 31 36 38,13,2,2
3,2000-10-19,4,06 18 21 24 35 37,06 18 24 35 37,21,0,0,False,はずれ,0.641602,0.630477,01 05 15 31 36 38,13,2,2
3,2000-10-19,5,06 21 24 35 37 42,06 21 24 35 42,37,0,0,False,はずれ,0.646006,0.627372,01 05 15 31 36 38,13,2,2
4,2000-10-26,1,06 10 24 35 37 42,10 24 35 37 42,06,0,0,False,はずれ,0.663456,0.661132,16 18 26 27 34 40,13,3,3
4,2000-10-26,2,10 21 24 35 37 42,10 24 35 37 42,21,0,0,False,はずれ,0.660312,0.661132,16 18 26 27 34 40,13,3,3
4,2000-10-26,3,06 18 24 35 37 42,06 18 24 35 37,42,1,1,False,はずれ,0.646548,0.630477,16 18 26 27 34 40,13,3,3
4,2000-10-26,4,06 18 21 24 35 37,06 18 24 35 37,21,1,1,False,はずれ,0.641602,0.630477,16 18 26 27 34 40,13,3,3
4,2000-10-26,5,06 21 24 35 37 42,06 21 24 35 42,37,0,0,False,はずれ,0.646006,0.627372,16 18 26 27 34 40,13,3,3
5,2000-11-02,1,06 10 24 35 37 42,10 24 35 37 42,06,0,0,False,はずれ,0.663456,0.661132,09 15 21 23 27 28,43,4,4
5,2000-11-02,2,10 21 24 35 37 42,10 24 35 37 42,21,0,1,False,はずれ,0.660312,0.661132,09 15 21 23 27 28,43,4,4
5,2000-11-02,3,06 18 24 35 37 42,06 18 24 35 37,42,0,0,False,はずれ,0.646548,0.630477,09 15 21 23 27 28,43,4,4
5,2000-11-02,4,06 18 21 24 35 37,06 18 24 35 37,21,0,1,False,はずれ,0.641602,0.630477,09 15 21 23 27 28,43,4,4
5,2000-11-02,5,06 21 24 35 37 42,06 21 24 35 42,37,1,1,False,はずれ,0.646006,0.627372,09 15 21 23 27 28,43,4,4
6,2000-11-09,1,06 10 24 35 37 42,10 24 35 37 42,06,0,1,False,はずれ,0.663456,0.661132,06 12 23 25 28 38,22,5,5
6,2000-11-09,2,10 21 24 35 37 42,10 24 35 37 42,21,0,0,False,はずれ,0.660312,0.661132,06 12 23 25 28 38,22,5,5
6,2000-11-09,3,06 18 24 35 37 42,06 18 24 35 37,42,1,1,False,はずれ,0.646548,0.630477,06 12 23 25 28 38,22,5,5
6,2000-11-09,4,06 18 21 24 35 37,06 18 24 35 37,21,1,1,False,はずれ,0.641602,0.630477,06 12 23 25 28 38,22,5,5
6,2000-11-09,5,06 21 24 35 37 42,06 21 24 35 42,37,1,1,False,はずれ,0.646006,0.627372,06 12 23 25 28 38,22,5,5
7,2000-11-16,1,06 10 24 35 37 42,10 24 35 37 42,06,1,1,False,はずれ,0.663456,0.661132,07 19 21 23 33 35,26,6,6
7,2000-11-16,2,10 21 24 35 37 42,10 24 35 37 42,21,1,2,False,はずれ,0.660312,0.661132,07 19 21 23 33 35,26,6,6
7,2000-11-16,3,06 18 24 35 37 42,06 18 24 35 37,42,1,1,False,はずれ,0.646548,0.630477,07 19 21 23 33 35,26,6,6
7,2000-11-16,4,06 18 21 24 35 37,06 18 24 35 37,21,1,2,False,はずれ,0.641602,0.630477,07 19 21 23 33 35,26,6,6
7,2000-11-16,5,06 21 24 35 37 42,06 21 24 35 42,37,2,2,False,はずれ,0.646006,0.627372,07 19 21 23 33 35,26,6,6
8,2000-11-23,1,06 10 24 35 37 42,10 24 35 37 42,06,1,1,False,はずれ,0.663456,0.661132,11 16 18 20 42 43,28,7,7
8,2000-11-23,2,10 21 24 35 37 42,10 24 35 37 42,21,1,1,False,はずれ,0.660312,0.661132,11 16 18 20 42 43,28,7,7
8,2000-11-23,3,06 18 24 35 37 42,06 18 24 35 37,42,1,2,False,はずれ,0.646548,0.630477,11 16 18 20 42 43,28,7,7
8,2000-11-23,4,06 18 21 24 35 37,06 18 24 35 37,21,1,1,False,はずれ,0.641602,0.630477,11 16 18 20 42 43,28,7,7
8,2000-11-23,5,06 21 24 35 37 42,06 21 24 35 42,37,1,1,False,はずれ,0.646006,0.627372,11 16 18 20 42 43,28,7,7
9,2000-11-30,1,06 10 24 35 37 42,10 24 35 37 42,06,1,1,False,はずれ,0.663456,0.661132,11 19 23 38 39 42,15,8,8
9,2000-11-30,2,10 21 24 35 37 42,10 24 35 37 42,21,1,1,False,はずれ,0.660312,0.661132,11 19 23 38 39 42,15,8,8
9,2000-11-30,3,06 18 24 35 37 42,06 18 24 35 37,42,0,1,False,はずれ,0.646548,0.630477,11 19 23 38 39 42,15,8,8
9,2000-11-30,4,06 18 21 24 35 37,06 18 24 35 37,21,0,0,False,はずれ,0.641602,0.630477,11 19 23 38 39 42,15,8,8
9,2000-11-30,5,06 21 24 35 37 42,06 21 24 35 42,37,1,1,False,はずれ,0.646006,0.627372,11 19 23 38 39 42,15,8,8
10,2000-12-07,1,06 10 24 35 37 42,10 24 35 37 42,06,1,1,False,はずれ,0.663456,0.661132,01 03 19 21 35 39,26,9,9
10,2000-12-07,2,10 21 24 35 37 42,10 24 35 37 42,21,1,2,False,はずれ,0.660312,0.661132,01 03 19 21 35 39,26,9,9
10,2000-12-07,3,06 18 24 35 37 42,06 18 24 35 37,42,1,1,False,はずれ,0.646548,0.630477,01 03 19 21 35 39,26,9,9
10,2000-12-07,4,06 18 21 24 35 37,06 18 24 35 37,21,1,2,False,はずれ,0.641602,0.630477,01 03 19 21 35 39,26,9,9
10,2000-12-07,5,06 21 24 35 37 42,06 21 24 35 42,37,2,2,False,はずれ,0.646006,0.627372,01 03 19 21 35 39,26,9,9
11,2000-12-14,1,06 10 24 35 37 42,10 24 35 37 42,06,2,2,False,はずれ,0.663456,0.661132,12 26 32 37 40 42,16,10,10
11,2000-12-14,2,10 21 24 35 37 42,10 24 35 37 42,21,2,2,False,はずれ,0.660312,0.661132,12 26 32 37 40 42,16,10,10
11,2000-12-14,3,06 18 24 35 37 42,06 18 24 35 37,42,1,2,False,はずれ,0.646548,0.630477,12 26 32 37 40 42,16,10,10
11,2000-12-14,4,06 18 21 24 35 37,06 18 24 35 37,21,1,1,False,はずれ,0.641602,0.630477,12 26 32 37 40 42,16,10,10
11,2000-12-14,5,06 21 24 35 37 42,06 21 24 35 42,37,1,2,False,はずれ,0.646006,0.627372,12 26 32 37 40 42,16,10,10
12,2000-12-21,1,06 10 24 35 37 42,10 24 35 37 42,06,1,1,False,はずれ,0.663456,0.661132,14 17 27 28 35 39,22,11,11
12,2000-12-21,2,10 21 24 35 37 42,10 24 35 37 42,21,1,1,False,はずれ,0.660312,0.661132,14 17 27 28 35 39,22,11,11
12,2000-12-21,3,06 18 24 35 37 42,06 18 24 35 37,42,1,1,False,はずれ,0.646548,0.630477,14 17 27 28 35 39,22,11,11
12,2000-12-21,4,06 18 21 24 35 37,06 18 24 35 37,21,1,1,False,はずれ,0.641602,0.630477,14 17 27 28 35 39,22,11,11
12,2000-12-21,5,06 21 24 35 37 42,06 21 24 35 42,37,1,1,False,はずれ,0.646006,0.627372,14 17 27 28 35 39,22,11,11
13,2000-12-28,1,06 10 24 35 37 42,10 24 35 37 42,06,2,2,False,はずれ,0.663456,0.661132,13 29 31 37 41 42,17,12,12
13,2000-12-28,2,10 21 24 35 37 42,10 24 35 37 42,21,2,2,False,はずれ,0.660312,0.661132,13 29 31 37 41 42,17,12,12
13,2000-12-28,3,06 18 24 35 37 42,06 18 24 35 37,42,1,2,False,はずれ,0.646548,0.630477,13 29 31 37 41 42,17,12,12
13,2000-12-28,4,06 18 21 24 35 37,06 18 24 35 37,21,1,1,False,はずれ,0.641602,0.630477,13 29 31 37 41 42,17,12,12
13,2000-12-28,5,06 21 24 35 37 42,06 21 24 35 42,37,1,2,False,はずれ,0.646006,0.627372,13 29 31 37 41 42,17,12,12
14,2001-01-04,1,06 10 24 35 37 42,10 24 35 37 42,06,2,2,False,はずれ,0.663456,0.661132,02 08 11 35 37 38,43,13,13
14,2001-01-04,2,10 21 24 35 37 42,10 24 35 37 42,21,2,2,False,はずれ,0.660312,0.661132,02 08 11 35 37 38,43,13,13
14,2001-01-04,3,06 18 24 35 37 42,06 18 24 35 37,42,2,2,False,はずれ,0.646548,0.630477,02 08 11 35 37 38,43,13,13
14,2001-01-04,4,06 18 21 24 35 37,06 18 24 35 37,21,2,2,False,はずれ,0.641602,0.630477,02 08 11 35 37 38,43,13,13
14,2001-01-04,5,06 21 24 35 37 42,06 21 24 35 42,37,1,2,False,はずれ,0.646006,0.627372,02 08 11 35 37 38,43,13,13
15,2001-01-11,1,06 10 24 35 37 42,10 24 35 37 42,06,0,1,False,はずれ,0.663456,0.661132,04 06 11 20 21 28,36,14,14
15,2001-01-11,2,10 21 24 35 37 42,10 24 35 37 42,21,0,1,False,はずれ,0.660312,0.661132,04 06 11 20 21 28,36,14,14
15,2001-01-11,3,06 18 24 35 37 42,06 18 24 35 37,42,1,1,False,はずれ,0.646548,0.630477,04 06 11 20 21 28,36,14,14
15,2001-01-11,4,06 18 21 24 35 37,06 18 24 35 37,21,1,2,False,はずれ,0.641602,0.630477,04 06 11 20 21 28,36,14,14
15,2001-01-11,5,06 21 24 35 37 42,06 21 24 35 42,37,2,2,False,はずれ,0.646006,0.627372,04 06 11 20 21 28,36,14,14
16,2001-01-18,1,06 10 24 35 37 42,10 24 35 37 42,06,1,1,False,はずれ,0.663456,0.661132,05 12 13 29 34 35,30,15,15
16,2001-01-18,2,10 21 24 35 37 42,10 24 35 37 42,21,1,1,False,はずれ,0.660312,0.661132,05 12 13 29 34 35,30,15,15
16,2001-01-18,3,06 18 24 35 37 42,06 18 24 35 37,42,1,1,False,はずれ,0.646548,0.630477,05 12 13 29 34 35,30,15,15
16,2001-01-18,4,06 18 21 24 35 37,06 18 24 35 37,21,1,1,False,はずれ,0.641602,0.630477,05 12 13 29 34 35,30,15,15
16,2001-01-18,5,06 21 24 35 37 42,06 21 24 35 42,37,1,1,False,はずれ,0.646006,0.627372,05 12 13 29 34 35,30,15,15
17,2001-01-25,1,06 10 24 35 37 42,10 24 35 37 42,06,1,1,False,はずれ,0.663456,0.661132,14 20 25 34 35 36,11,16,16
17,2001-01-25,2,10 21 24 35 37 42,10 24 35 37 42,21,1,1,False,はずれ,0.660312,0.661132,14 20 25 34 35 36,11,16,16
17,2001-01-25,3,06 18 24 35 37 42,06 18 24 35 37,42,1,1,False,はずれ,0.646548,0.630477,14 20 25 34 35 36,11,16,16
17,2001-01-25,4,06 18 21 24 35 37,06 18 24 35 37,21,1,1,False,はずれ,0.641602,0.630477,14 20 25 34 35 36,11,16,16
17,2001-01-25,5,06 21 24 35 37 42,06 21 24 35 42,37,1,1,False,はずれ,0.646006,0.627372,14 20 25 34 35 36,11,16,16
18,2001-02-01,1,06 10 24 35 37 42,10 24 35 37 42,06,0,1,False,はずれ,0.663456,0.661132,06 16 18 27 36 41,33,17,17
18,2001-02-01,2,10 21 24 35 37 42,10 24 35 37 42,21,0,0,False,はずれ,0.660312,0.661132,06 16 18 27 36 41,33,17,17
18,2001-02-01,3,06 18 24 35 37 42,06 18 24 35 37,42,2,2,False,はずれ,0.646548,0.630477,06 16 18 27 36 41,33,17,17
18,2001-02-01,4,06 18 21 24 35 37,06 18 24 35 37,21,2,2,False,はずれ,0.641602,0.630477,06 16 18 27 36 41,33,17,17
18,2001-02-01,5,06 21 24 35 37 42,06 21 24 35 42,37,1,1,False,はずれ,0.646006,0.627372,06 16 18 27 36 41,33,17,17
19,2001-02-08,1,06 10 24 35 37 42,10 24 35 37 42,06,0,0,False,はずれ,0.663456,0.661132,04 08 12 30 33 43,14,18,18
19,2001-02-08,2,10 21 24 35 37 42,10 24 35 37 42,21,0,0,False,はずれ,0.660312,0.661132,04 08 12 30 33 43,14,18,18
19,2001-02-08,3,06 18 24 35 37 42,06 18 24 35 37,42,0,0,False,はずれ,0.646548,0.630477,04 08 12 30 33 43,14,18,18
19,2001-02-08,4,06 18 21 24 35 37,06 18 24 35 37,21,0,0,False,はずれ,0.641602,0.630477,04 08 12 30 33 43,14,18,18
19,2001-02-08,5,06 21 24 35 37 42,06 21 24 35 42,37,0,0,False,はずれ,0.646006,0.627372,04 08 12 30 33 43,14,18,18
20,2001-02-15,1,06 10 24 35 37 42,10 24 35 37 42,06,2,2,False,はずれ,0.663456,0.661132,07 29 33 35 37 39,19,19,19
20,2001-02-15,2,10 21 24 35 37 42,10 24 35 37 42,21,2,2,False,はずれ,0.660312,0.661132,07 29 33 35 37 39,19,19,19
20,2001-02-15,3,06 18 24 35 37 42,06 18 24 35 37,42,2,2,False,はずれ,0.646548,0.630477,07 29 33 35 37 39,19,19,19
20,2001-02-15,4,06 18 21 24 35 37,06 18 24 35 37,21,2,2,False,はずれ,0.641602,0.630477,07 29 33 35 37 39,19,19,19
20,2001-02-15,5,06 21 24 35 37 42,06 21 24 35 42,37,1,2,False,はずれ,0.646006,0.627372,07 29 33 35 37 39,19,19,19
21,2001-02-22,1,06 10 24 35 37 42,10 24 35 37 42,06,0,0,True,はずれ,0.663456,0.661132,05 07 13 19 38 41,42,20,20
21,2001-02-22,2,10 21 24 35 37 42,10 24 35 37 42,21,0,0,True,はずれ,0.660312,0.661132,05 07 13 19 38 41,42,20,20
21,2001-02-22,3,06 18 24 35 37 42,06 18 24 35 37,42,0,0,True,はずれ,0.646548,0.630477,05 07 13 19 38 41,42,20,20
21,2001-02-22,4,06 18 21 24 35 37,06 18 24 35 37,21,0,0,False,はずれ,0.641602,0.630477,05 07 13 19 38 41,42,20,20
21,2001-02-22,5,06 21 24 35 37 42,06 21 24 35 42,37,0,0,True,はずれ,0.646006,0.627372,05 07 13 19 38 41,42,20,20
22,2001-03-01,1,06 10 24 35 37 42,10 24 35 37 42,06,1,1,False,はずれ,0.663456,0.661132,08 12 16 19 20 35,41,21,21
22,2001-03-01,2,10 21 24 35 37 42,10 24 35 37 42,21,1,1,False,はずれ,0.660312,0.661132,08 12 16 19 20 35,41,21,21
22,2001-03-01,3,06 18 24 35 37 42,06 18 24 35 37,42,1,1,False,はずれ,0.646548,0.630477,08 12 16 19 20 35,41,21,21
22,2001-03-01,4,06 18 21 24 35 37,06 18 24 35 37,21,1,1,False,はずれ,0.641602,0.630477,08 12 16 19 20 35,41,21,21
22,2001-03-01,5,06 21 24 35 37 42,06 21 24 35 42,37,1,1,False,はずれ,0.646006,0.627372,08 12 16 19 20 35,41,21,21
23,2001-03-08,1,06 10 24 35 37 42,10 24 35 37 42,06,1,1,False,はずれ,0.663456,0.661132,07 10 28 32 33 40,13,22,22
23,2001-03-08,2,10 21 24 35 37 42,10 24 35 37 42,21,1,1,False,はずれ,0.660312,0.661132,07 10 28 32 33 40,13,22,22
23,2001-03-08,3,06 18 24 35 37 42,06 18 24 35 37,42,0,0,False,はずれ,0.646548,0.630477,07 10 28 32 33 40,13,22,22
23,2001-03-08,4,06 18 21 24 35 37,06 18 24 35 37,21,0,0,False,はずれ,0.641602,0.630477,07 10 28 32 33 40,13,22,22
23,2001-03-08,5,06 21 24 35 37 42,06 21 24 35 42,37,0,0,False,はずれ,0.646006,0.627372,07 10 28 32 33 40,13,22,22
24,2001-03-15,1,06 10 24 35 37 42,10 24 35 37 42,06,0,0,False,はずれ,0.663456,0.661132,15 18 19 30 36 38,13,23,23
24,2001-03-15,2,10 21 24 35 37 42,10 24 35 37 42,21,0,0,False,はずれ,0.660312,0.661132,15 18 19 30 36 38,13,23,23
24,2001-03-15,3,06 18 24 35 37 42,06 18 24 35 37,42,1,1,False,はずれ,0.646548,0.630477,15 18 19 30 36 38,13,23,23
24,2001-03-15,4,06 18 21 24 35 37,06 18 24 35 37,21,1,1,False,はずれ,0.641602,0.630477,15 18 19 30 36 38,13,23,23
24,2001-03-15,5,06 21 24 35 37 42,06 21 24 35 42,37,0,0,False,はずれ,0.646006,0.627372,15 18 19 30 36 38,13,23,23
25,2001-03-22,1,06 10 24 35 37 42,10 24 35 37 42,06,1,1,False,はずれ,0.663456,0.661132,11 32 34 37 40 43,08,24,24
25,2001-03-22,2,10 21 24 35 37 42,10 24 35 37 42,21,1,1,False,はずれ,0.660312,0.661132,11 32 34 37 40 43,08,24,24
25,2001-03-22,3,06 18 24 35 37 42,06 18 24 35 37,42,1,1,False,はずれ,0.646548,0.630477,11 32 34 37 40 43,08,24,24
25,2001-03-22,4,06 18 21 24 35 37,06 18 24 35 37,21,1,1,False,はずれ,0.641602,0.630477,11 32 34 37 40 43,08,24,24
25,2001-03-22,5,06 21 24 35 37 42,06 21 24 35 42,37,0,1,False,はずれ,0.646006,0.627372,11 32 34 37 40 43,08,24,24
26,2001-03-29,1,06 10 24 35 37 42,10 24 35 37 42,06,0,0,False,はずれ,0.663456,0.661132,03 04 11 12 13 43,22,25,25
26,2001-03-29,2,10 21 24 35 37 42,10 24 35 37 42,21,0,0,False,はずれ,0.660312,0.661132,03 04 11 12 13 43,22,25,25
26,2001-03-29,3,06 18 24 35 37 42,06 18 24 35 37,42,0,0,False,はずれ,0.646548,0.630477,03 04 11 12 13 43,22,25,25
26,2001-03-29,4,06 18 21 24 35 37,06 18 24 35 37,21,0,0,False,はずれ,0.641602,0.630477,03 04 11 12 13 43,22,25,25
26,2001-03-29,5,06 21 24 35 37 42,06 21 24 35 42,37,0,0,False,はずれ,0.646006,0.627372,03 04 11 12 13 43,22,25,25
27,2001-04-05,1,06 10 24 35 37 42,10 24 35 37 42,06,0,0,True,はずれ,0.663456,0.661132,04 08 20 30 33 38,10,26,26
27,2001-04-05,2,10 21 24 35 37 42,10 24 35 37 42,21,0,0,True,はずれ,0.660312,0.661132,04 08 20 30 33 38,10,26,26
27,2001-04-05,3,06 18 24 35 37 42,06 18 24 35 37,42,0,0,False,はずれ,0.646548,0.630477,04 08 20 30 33 38,10,26,26
27,2001-04-05,4,06 18 21 24 35 37,06 18 24 35 37,21,0,0,False,はずれ,0.641602,0.630477,04 08 20 30 33 38,10,26,26
27,2001-04-05,5,06 21 24 35 37 42,06 21 24 35 42,37,0,0,False,はずれ,0.646006,0.627372,04 08 20 30 33 38,10,26,26
28,2001-04-12,1,06 10 24 35 37 42,10 24 35 37 42,06,0,1,False,はずれ,0.663456,0.661132,06 11 15 20 31 41,07,27,27
28,2001-04-12,2,10 21 24 35 37 42,10 24 35 37 42,21,0,0,False,はずれ,0.660312,0.661132,06 11 15 20 31 41,07,27,27
28,2001-04-12,3,06 18 24 35 37 42,06 18 24 35 37,42,1,1,False,はずれ,0.646548,0.630477,06 11 15 20 31 41,07,27,27
28,2001-04-12,4,06 18 21 24 35 37,06 18 24 35 37,21,1,1,False,はずれ,0.641602,0.630477,06 11 15 20 31 41,07,27,27
28,2001-04-12,5,06 21 24 35 37 42,06 21 24 35 42,37,1,1,False,はずれ,0.646006,0.627372,06 11 15 20 31 41,07,27,27
29,2001-04-19,1,06 10 24 35 37 42,10 24 35 37 42,06,2,2,False,はずれ,0.663456,0.661132,08 12 20 35 37 40,33,28,28
29,2001-04-19,2,10 21 24 35 37 42,10 24 35 37 42,21,2,2,False,はずれ,0.660312,0.661132,08 12 20 35 37 40,33,28,28
29,2001-04-19,3,06 18 24 35 37 42,06 18 24 35 37,42,2,2,False,はずれ,0.646548,0.630477,08 12 20 35 37 40,33,28,28
29,2001-04-19,4,06 18 21 24 35 37,06 18 24 35 37,21,2,2,False,はずれ,0.641602,0.630477,08 12 20 35 37 40,33,28,28
29,2001-04-19,5,06 21 24 35 37 42,06 21 24 35 42,37,1,2,False,はずれ,0.646006,0.627372,08 12 20 35 37 40,33,28,28
30,2001-04-26,1,06 10 24 35 37 42,10 24 35 37 42,06,1,1,False,はずれ,0.663456,0.661132,04 16 17 19 26 37,08,29,29
30,2001-04-26,2,10 21 24 35 37 42,10 24 35 37 42,21,1,1,False,はずれ,0.660312,0.661132,04 16 17 19 26 37,08,29,29
30,2001-04-26,3,06 18 24 35 37 42,06 18 24 35 37,42,1,1,False,はずれ,0.646548,0.630477,04 16 17 19 26 37,08,29,29
30,2001-04-26,4,06 18 21 24 35 37,06 18 24 35 37,21,1,1,False,はずれ,0.641602,0.630477,04 16 17 19 26 37,08,29,29
30,2001-04-26,5,06 21 24 35 37 42,06 21 24 35 42,37,0,1,False,はずれ,0.646006,0.627372,04 16 17 19 26 37,08,29,29
31,2001-05-03,1,06 10 24 35 37 42,10 24 35 37 42,06,0,0,False,はずれ,0.663456,0.661132,07 18 22 25 28 43,04,30,30
31,2001-05-03,2,10 21 24 35 37 42,10 24 35 37 42,21,0,0,False,はずれ,0.660312,0.661132,07 18 22 25 28 43,04,30,30
31,2001-05-03,3,06 18 24 35 37 42,06 18 24 35 37,42,1,1,False,はずれ,0.646548,0.630477,07 18 22 25 28 43,04,30,30
31,2001-05-03,4,06 18 21 24 35 37,06 18 24 35 37,21,1,1,False,はずれ,0.641602,0.630477,07 18 22 25 28 43,04,30,30
31,2001-05-03,5,06 21 24 35 37 42,06 21 24 35 42,37,0,0,False,はずれ,0.646006,0.627372,07 18 22 25 28 43,04,30,30
32,2001-05-10,1,06 10 24 35 37 42,10 24 35 37 42,06,0,1,False,はずれ,0.663456,0.661132,03 06 07 23 29 41,33,31,31
32,2001-05-10,2,10 21 24 35 37 42,10 24 35 37 42,21,0,0,False,はずれ,0.660312,0.661132,03 06 07 23 29 41,33,31,31
32,2001-05-10,3,06 18 24 35 37 42,06 18 24 35 37,42,1,1,False,はずれ,0.646548,0.630477,03 06 07 23 29 41,33,31,31
32,2001-05-10,4,06 18 21 24 35 37,06 18 24 35 37,21,1,1,False,はずれ,0.641602,0.630477,03 06 07 23 29 41,33,31,31
32,2001-05-10,5,06 21 24 35 37 42,06 21 24 35 42,37,1,1,False,はずれ,0.646006,0.627372,03 06 07 23 29 41,33,31,31
33,2001-05-17,1,06 10 24 35 37 42,10 24 35 37 42,06,0,0,False,はずれ,0.663456,0.661132,08 17 22 25 29 41,13,32,32
33,2001-05-17,2,10 21 24 35 37 42,10 24 35 37 42,21,0,0,False,はずれ,0.660312,0.661132,08 17 22 25 29 41,13,32,32
33,2001-05-17,3,06 18 24 35 37 42,06 18 24 35 37,42,0,0,False,はずれ,0.646548,0.630477,08 17 22 25 29 41,13,32,32
33,2001-05-17,4,06 18 21 24 35 37,06 18 24 35 37,21,0,0,False,はずれ,0.641602,0.630477,08 17 22 25 29 41,13,32,32
33,2001-05-17,5,06 21 24 35 37 42,06 21 24 35 42,37,0,0,False,はずれ,0.646006,0.627372,08 17 22 25 29 41,13,32,32
34,2001-05-24,1,06 10 24 35 37 42,10 24 35 37 42,06,1,1,True,はずれ,0.663456,0.661132,02 20 25 30 37 40,10,33,33
34,2001-05-24,2,10 21 24 35 37 42,10 24 35 37 42,21,1,1,True,はずれ,0.660312,0.661132,02 20 25 30 37 40,10,33,33
34,2001-05-24,3,06 18 24 35 37 42,06 18 24 35 37,42,1,1,False,はずれ,0.646548,0.630477,02 20 25 30 37 40,10,33,33
34,2001-05-24,4,06 18 21 24 35 37,06 18 24 35 37,21,1,1,False,はずれ,0.641602,0.630477,02 20 25 30 37 40,10,33,33
34,2001-05-24,5,06 21 24 35 37 42,06 21 24 35 42,37,0,1,False,はずれ,0.646006,0.627372,02 20 25 30 37 40,10,33,33
35,2001-05-31,1,06 10 24 35 37 42,10 24 35 37 42,06,0,0,False,はずれ,0.663456,0.661132,03 05 13 30 32 41,28,34,34
35,2001-05-31,2,10 21 24 35 37 42,10 24 35 37 42,21,0,0,False,はずれ,0.660312,0.661132,03 05 13 30 32 41,28,34,34
35,2001-05-31,3,06 18 24 35 37 42,06 18 24 35 37,42,0,0,False,はずれ,0.646548,0.630477,03 05 13 30 32 41,28,34,34
35,2001-05-31,4,06 18 21 24 35 37,06 18 24 35 37,21,0,0,False,はずれ,0.641602,0.630477,03 05 13 30 32 41,28,34,34
35,2001-05-31,5,06 21 24 35 37 42,06 21 24 35 42,37,0,0,False,はずれ,0.646006,0.627372,03 05 13 30 32 41,28,34,34
36,2001-06-07,1,06 10 24 35 37 42,10 24 35 37 42,06,0,0,False,はずれ,0.663456,0.661132,01 16 20 23 30 40,17,35,35
36,2001-06-07,2,10 21 24 35 37 42,10 24 35 37 42,21,0,0,False,はずれ,0.660312,0.661132,01 16 20 23 30 40,17,35,35
36,2001-06-07,3,06 18 24 35 37 42,06 18 24 35 37,42,0,0,False,はずれ,0.646548,0.630477,01 16 20 23 30 40,17,35,35
36,2001-06-07,4,06 18 21 24 35 37,06 18 24 35 37,21,0,0,False,はずれ,0.641602,0.630477,01 16 20 23 30 40,17,35,35
36,2001-06-07,5,06 21 24 35 37 42,06 21 24 35 42,37,0,0,False,はずれ,0.646006,0.627372,01 16 20 23 30 40,17,35,35
37,2001-06-14,1,06 10 24 35 37 42,10 24 35 37 42,06,0,0,False,はずれ,0.663456,0.661132,03 05 09 17 21 41,26,36,36
37,2001-06-14,2,10 21 24 35 37 42,10 24 35 37 42,21,0,1,False,はずれ,0.660312,0.661132,03 05 09 17 21 41,26,36,36
37,2001-06-14,3,06 18 24 35 37 42,06 18 24 35 37,42,0,0,False,はずれ,0.646548,0.630477,03 05 09 17 21 41,26,36,36
37,2001-06-14,4,06 18 21 24 35 37,06 18 24 35 37,21,0,1,False,はずれ,0.641602,0.630477,03 05 09 17 21 41,26,36,36
37,2001-06-14,5,06 21 24 35 37 42,06 21 24 35 42,37,1,1,False,はずれ,0.646006,0.627372,03 05 09 17 21 41,26,36,36
38,2001-06-21,1,06 10 24 35 37 42,10 24 35 37 42,06,0,0,True,はずれ,0.663456,0.661132,02 09 26 27 34 43,42,37,37
38,2001-06-21,2,10 21 24 35 37 42,10 24 35 37 42,21,0,0,True,はずれ,0.660312,0.661132,02 09 26 27 34 43,42,37,37
38,2001-06-21,3,06 18 24 35 37 42,06 18 24 35 37,42,0,0,True,はずれ,0.646548,0.630477,02 09 26 27 34 43,42,37,37
38,2001-06-21,4,06 18 21 24 35 37,06 18 24 35 37,21,0,0,False,はずれ,0.641602,0.630477,02 09 26 27 34 43,42,37,37
38,2001-06-21,5,06 21 24 35 37 42,06 21 24 35 42,37,0,0,True,はずれ,0.646006,0.627372,02 09 26 27 34 43,42,37,37
39,2001-06-28,1,06 10 24 35 37 42,10 24 35 37 42,06,2,2,False,はずれ,0.663456,0.661132,10 18 22 25 39 42,17,38,38
39,2001-06-28,2,10 21 24 35 37 42,10 24 35 37 42,21,2,2,False,はずれ,0.660312,0.661132,10 18 22 25 39 42,17,38,38
39,2001-06-28,3,06 18 24 35 37 42,06 18 24 35 37,42,1,2,False,はずれ,0.646548,0.630477,10 18 22 25 39 42,17,38,38
39,2001-06-28,4,06 18 21 24 35 37,06 18 24 35 37,21,1,1,False,はずれ,0.641602,0.630477,10 18 22 25 39 42,17,38,38
39,2001-06-28,5,06 21 24 35 37 42,06 21 24 35 42,37,1,1,False,はずれ,0.646006,0.627372,10 18 22 25 39 42,17,38,38
40,2001-07-05,1,06 10 24 35 37 42,10 24 35 37 42,06,0,0,False,はずれ,0.663456,0.661132,05 17 25 34 38 39,02,39,39
40,2001-07-05,2,10 21 24 35 37 42,10 24 35 37 42,21,0,0,False,はずれ,0.660312,0.661132,05 17 25 34 38 39,02,39,39
40,2001-07-05,3,06 18 24 35 37 42,06 18 24 35 37,42,0,0,False,はずれ,0.646548,0.630477,05 17 25 34 38 39,02,39,39
40,2001-07-05,4,06 18 21 24 35 37,06 18 24 35 37,21,0,0,False,はずれ,0.641602,0.630477,05 17 25 34 38 39,02,39,39
40,2001-07-05,5,06 21 24 35 37 42,06 21 24 35 42,37,0,0,False,はずれ,0.646006,0.627372,05 17 25 34 38 39,02,39,39
41,2001-07-12,1,06 10 24 35 37 42,10 24 35 37 42,06,0,0,False,はずれ,0.663456,0.661132,18 21 27 33 36 38,23,40,40
41,2001-07-12,2,10 21 24 35 37 42,10 24 35 37 42,21,0,1,False,はずれ,0.660312,0.661132,18 21 27 33 36 38,23,40,40
41,2001-07-12,3,06 18 24 35 37 42,06 18 24 35 37,42,1,1,False,はずれ,0.646548,0.630477,18 21 27 33 36 38,23,40,40
41,2001-07-12,4,06 18 21 24 35 37,06 18 24 35 37,21,1,2,False,はずれ,0.641602,0.630477,18 21 27 33 36 38,23,40,40
41,2001-07-12,5,06 21 24 35 37 42,06 21 24 35 42,37,1,1,False,はずれ,0.646006,0.627372,18 21 27 33 36 38,23,40,40
42,2001-07-19,1,06 10 24 35 37 42,10 24 35 37 42,06,2,2,False,はずれ,0.663456,0.661132,04 15 21 24 33 37,09,41,41
42,2001-07-19,2,10 21 24 35 37 42,10 24 35 37 42,21,2,3,False,5等,0.660312,0.661132,04 15 21 24 33 37,09,41,41
42,2001-07-19,3,06 18 24 35 37 42,06 18 24 35 37,42,2,2,False,はずれ,0.646548,0.630477,04 15 21 24 33 37,09,41,41
42,2001-07-19,4,06 18 21 24 35 37,06 18 24 35 37,21,2,3,False,5等,0.641602,0.630477,04 15 21 24 33 37,09,41,41
42,2001-07-19,5,06 21 24 35 37 42,06 21 24 35 42,37,2,3,False,5等,0.646006,0.627372,04 15 21 24 33 37,09,41,41
43,2001-07-26,1,06 10 24 35 37 42,10 24 35 37 42,06,1,1,False,はずれ,0.663456,0.661132,01 02 03 15 24 26,27,42,42
43,2001-07-26,2,10 21 24 35 37 42,10 24 35 37 42,21,1,1,False,はずれ,0.660312,0.661132,01 02 03 15 24 26,27,42,42
43,2001-07-26,3,06 18 24 35 37 42,06 18 24 35 37,42,1,1,False,はずれ,0.646548,0.630477,01 02 03 15 24 26,27,42,42
43,2001-07-26,4,06 18 21 24 35 37,06 18 24 35 37,21,1,1,False,はずれ,0.641602,0.630477,01 02 03 15 24 26,27,42,42
43,2001-07-26,5,06 21 24 35 37 42,06 21 24 35 42,37,1,1,False,はずれ,0.646006,0.627372,01 02 03 15 24 26,27,42,42
44,2001-08-02,1,06 10 24 35 37 42,10 24 35 37 42,06,2,2,False,はずれ,0.663456,0.661132,03 16 24 31 34 42,36,43,43
44,2001-08-02,2,10 21 24 35 37 42,10 24 35 37 42,21,2,2,False,はずれ,0.660312,0.661132,03 16 24 31 34 42,36,43,43
44,2001-08-02,3,06 18 24 35 37 42,06 18 24 35 37,42,1,2,False,はずれ,0.646548,0.630477,03 16 24 31 34 42,36,43,43
44,2001-08-02,4,06 18 21 24 35 37,06 18 24 35 37,21,1,1,False,はずれ,0.641602,0.630477,03 16 24 31 34 42,36,43,43
44,2001-08-02,5,06 21 24 35 37 42,06 21 24 35 42,37,2,2,False,はずれ,0.646006,0.627372,03 16 24 31 34 42,36,43,43
45,2001-08-09,1,06 10 24 35 37 42,10 24 35 37 42,06,0,0,False,はずれ,0.663456,0.661132,07 09 28 32 36 38,08,44,44
45,2001-08-09,2,10 21 24 35 37 42,10 24 35 37 42,21,0,0,False,はずれ,0.660312,0.661132,07 09 28 32 36 38,08,44,44
45,2001-08-09,3,06 18 24 35 37 42,06 18 24 35 37,42,0,0,False,はずれ,0.646548,0.630477,07 09 28 32 36 38,08,44,44
45,2001-08-09,4,06 18 21 24 35 37,06 18 24 35 37,21,0,0,False,はずれ,0.641602,0.630477,07 09 28 32 36 38,08,44,44
45,2001-08-09,5,06 21 24 35 37 42,06 21 24 35 42,37,0,0,False,はずれ,0.646006,0.627372,07 09 28 32 36 38,08,44,44
46,2001-08-16,1,06 10 24 35 37 42,10 24 35 37 42,06,2,2,False,はずれ,0.663456,0.661132,11 14 21 24 25 42,41,45,45
46,2001-08-16,2,10 21 24 35 37 42,10 24 35 37 42,21,2,3,False,5等,0.660312,0.661132,11 14 21 24 25 42,41,45,45
46,2001-08-16,3,06 18 24 35 37 42,06 18 24 35 37,42,1,2,False,はずれ,0.646548,0.630477,11 14 21 24 25 42,41,45,45
46,2001-08-16,4,06 18 21 24 35 37,06 18 24 35 37,21,1,2,False,はずれ,0.641602,0.630477,11 14 21 24 25 42,41,45,45
46,2001-08-16,5,06 21 24 35 37 42,06 21 24 35 42,37,3,3,False,5等,0.646006,0.627372,11 14 21 24 25 42,41,45,45
47,2001-08-23,1,06 10 24 35 37 42,10 24 35 37 42,06,0,0,False,はずれ,0.663456,0.661132,03 11 14 25 27 31,22,46,46
47,2001-08-23,2,10 21 24 35 37 42,10 24 35 37 42,21,0,0,False,はずれ,0.660312,0.661132,03 11 14 25 27 31,22,46,46
47,2001-08-23,3,06 18 24 35 37 42,06 18 24 35 37,42,0,0,False,はずれ,0.646548,0.630477,03 11 14 25 27 31,22,46,46
47,2001-08-23,4,06 18 21 24 35 37,06 18 24 35 37,21,0,0,False,はずれ,0.641602,0.630477,03 11 14 25 27 31,22,46,46
47,2001-08-23,5,06 21 24 35 37 42,06 21 24 35 42,37,0,0,False,はずれ,0.646006,0.627372,03 11 14 25 27 31,22,46,46
48,2001-08-30,1,06 10 24 35 37 42,10 24 35 37 42,06,0,0,False,はずれ,0.663456,0.661132,02 05 28 30 33 40,26,47,47
48,2001-08-30,2,10 21 24 35 37 42,10 24 35 37 42,21,0,0,False,はずれ,0.660312,0.661132,02 05 28 30 33 40,26,47,47
48,2001-08-30,3,06 18 24 35 37 42,06 18 24 35 37,42,0,0,False,はずれ,0.646548,0.630477,02 05 28 30 33 40,26,47,47
48,2001-08-30,4,06 18 21 24 35 37,06 18 24 35 37,21,0,0,False,はずれ,0.641602,0.630477,02 05 28 30 33 40,26,47,47
48,2001-08-30,5,06 21 24 35 37 42,06 21 24 35 42,37,0,0,False,はずれ,0.646006,0.627372,02 05 28 30 33 40,26,47,47
49,2001-09-06,1,06 10 24 35 37 42,10 24 35 37 42,06,0,0,True,はずれ,0.663456,0.661132,02 13 21 31 32 41,35,48,48
49,2001-09-06,2,10 21 24 35 37 42,10 24 35 37 42,21,0,1,True,はずれ,0.660312,0.661132,02 13 21 31 32 41,35,48,48
49,2001-09-06,3,06 18 24 35 37 42,06 18 24 35 37,42,0,0,True,はずれ,0.646548,0.630477,02 13 21 31 32 41,35,48,48
49,2001-09-06,4,06 18 21 24 35 37,06 18 24 35 37,21,0,1,True,はずれ,0.641602,0.630477,02 13 21 31 32 41,35,48,48
49,2001-09-06,5,06 21 24 35 37 42,06 21 24 35 42,37,1,1,True,はずれ,0.646006,0.627372,02 13 21 31 32 41,35,48,48
50,2001-09-13,1,06 10 24 35 37 42,10 24 35 37 42,06,0,0,False,はずれ,0.663456,0.661132,05 13 15 25 27 39,40,49,49
50,2001-09-13,2,10 21 24 35 37 42,10 24 35 37 42,21,0,0,False,はずれ,0.660312,0.661132,05 13 15 25 27 39,40,49,49
50,2001-09-13,3,06 18 24 35 37 42,06 18 24 35 37,42,0,0,False,はずれ,0.646548,0.630477,05 13 15 25 27 39,40,49,49
50,2001-09-13,4,06 18 21 24 35 37,06 18 24 35 37,21,0,0,False,はずれ,0.641602,0.630477,05 13 15 25 27 39,40,49,49
50,2001-09-13,5,06 21 24 35 37 42,06 21 24 35 42,37,0,0,False,はずれ,0.646006,0.627372,05 13 15 25 27 39,40,49,49
51,2001-09-20,1,06 10 24 35 37 42,10 24 35 37 42,06,2,2,False,はずれ,0.663456,0.661132,07 15 24 37 38 41,34,50,50
51,2001-09-20,2,10 21 24 35 37 42,10 24 35 37 42,21,2,2,False,はずれ,0.660312,0.661132,07 15 24 37 38 41,34,50,50
51,2001-09-20,3,06 18 24 35 37 42,06 18 24 35 37,42,2,2,False,はずれ,0.646548,0.630477,07 15 24 37 38 41,34,50,50
51,2001-09-20,4,06 18 21 24 35 37,06 18 24 35 37,21,2,2,False,はずれ,0.641602,0.630477,07 15 24 37 38 41,34,50,50
51,2001-09-20,5,06 21 24 35 37 42,06 21 24 35 42,37,1,2,False,はずれ,0.646006,0.627372,07 15 24 37 38 41,34,50,50
52,2001-09-27,1,06 10 24 35 37 42,10 24 35 37 42,06,2,2,False,はずれ,0.663456,0.661132,01 16 24 25 36 42,21,51,51
52,2001-09-27,2,10 21 24 35 37 42,10 24 35 37 42,21,2,2,True,はずれ,0.660312,0.661132,01 16 24 25 36 42,21,51,51
52,2001-09-27,3,06 18 24 35 37 42,06 18 24 35 37,42,1,2,False,はずれ,0.646548,0.630477,01 16 24 25 36 42,21,51,51
52,2001-09-27,4,06 18 21 24 35 37,06 18 24 35 37,21,1,1,True,はずれ,0.641602,0.630477,01 16 24 25 36 42,21,51,51
52,2001-09-27,5,06 21 24 35 37 42,06 21 24 35 42,37,2,2,True,はずれ,0.646006,0.627372,01 16 24 25 36 42,21,51,51
53,2001-10-04,1,06 10 24 35 37 42,10 24 35 37 42,06,1,1,False,はずれ,0.663456,0.661132,02 15 23 37 40 43,25,52,52
53,2001-10-04,2,10 21 24 35 37 42,10 24 35 37 42,21,1,1,False,はずれ,0.660312,0.661132,02 15 23 37 40 43,25,52,52
53,2001-10-04,3,06 18 24 35 37 42,06 18 24 35 37,42,1,1,False,はずれ,0.646548,0.630477,02 15 23 37 40 43,25,52,52
53,2001-10-04,4,06 18 21 24 35 37,06 18 24 35 37,21,1,1,False,はずれ,0.641602,0.630477,02 15 23 37 40 43,25,52,52
53,2001-10-04,5,06 21 24 35 37 42,06 21 24 35 42,37,0,1,False,はずれ,0.646006,0.627372,02 15 23 37 40 43,25,52,52
54,2001-10-11,1,06 10 24 35 37 42,10 24 35 37 42,06,2,2,False,はずれ,0.663456,0.661132,14 25 26 31 37 42,07,53,53
54,2001-10-11,2,10 21 24 35 37 42,10 24 35 37 42,21,2,2,False,はずれ,0.660312,0.661132,14 25 26 31 37 42,07,53,53
54,2001-10-11,3,06 18 24 35 37 42,06 18 24 35 37,42,1,2,False,はずれ,0.646548,0.630477,14 25 26 31 37 42,07,53,53
54,2001-10-11,4,06 18 21 24 35 37,06 18 24 35 37,21,1,1,False,はずれ,0.641602,0.630477,14 25 26 31 37 42,07,53,53
54,2001-10-11,5,06 21 24 35 37 42,06 21 24 35 42,37,1,2,False,はずれ,0.646006,0.627372,14 25 26 31 37 42,07,53,53
55,2001-10-18,1,06 10 24 35 37 42,10 24 35 37 42,06,1,1,False,はずれ,0.663456,0.661132,11 12 13 14 37 39,28,54,54
55,2001-10-18,2,10 21 24 35 37 42,10 24 35 37 42,21,1,1,False,はずれ,0.660312,0.661132,11 12 13 14 37 39,28,54,54
55,2001-10-18,3,06 18 24 35 37 42,06 18 24 35 37,42,1,1,False,はずれ,0.646548,0.630477,11 12 13 14 37 39,28,54,54
55,2001-10-18,4,06 18 21 24 35 37,06 18 24 35 37,21,1,1,False,はずれ,0.641602,0.630477,11 12 13 14 37 39,28,54,54
55,2001-10-18,5,06 21 24 35 37 42,06 21 24 35 42,37,0,1,False,はずれ,0.646006,0.627372,11 12 13 14 37 39,28,54,54
56,2001-10-25,1,06 10 24 35 37 42,10 24 35 37 42,06,2,2,False,はずれ,0.663456,0.661132,10 13 25 31 32 42,40,55,55
56,2001-10-25,2,10 21 24 35 37 42,10 24 35 37 42,21,2,2,False,はずれ,0.660312,0.661132,10 13 25 31 32 42,40,55,55
56,2001-10-25,3,06 18 24 35 37 42,06 18 24 35 37,42,0,1,False,はずれ,0.646548,0.630477,10 13 25 31 32 42,40,55,55
56,2001-10-25,4,06 18 21 24 35 37,06 18 24 35 37,21,0,0,False,はずれ,0.641602,0.630477,10 13 25 31 32 42,40,55,55
56,2001-10-25,5,06 21 24 35 37 42,06 21 24 35 42,37,1,1,False,はずれ,0.646006,0.627372,10 13 25 31 32 42,40,55,55
57,2001-11-01,1,06 10 24 35 37 42,10 24 35 37 42,06,2,2,False,はずれ,0.663456,0.661132,02 14 22 27 35 42,34,56,56
57,2001-11-01,2,10 21 24 35 37 42,10 24 35 37 42,21,2,2,False,はずれ,0.660312,0.661132,02 14 22 27 35 42,34,56,56
57,2001-11-01,3,06 18 24 35 37 42,06 18 24 35 37,42,1,2,False,はずれ,0.646548,0.630477,02 14 22 27 35 42,34,56,56
57,2001-11-01,4,06 18 21 24 35 37,06 18 24 35 37,21,1,1,False,はずれ,0.641602,0.630477,02 14 22 27 35 42,34,56,56
57,2001-11-01,5,06 21 24 35 37 42,06 21 24 35 42,37,2,2,False,はずれ,0.646006,0.627372,02 14 22 27 35 42,34,56,56
58,2001-11-08,1,06 10 24 35 37 42,10 24 35 37 42,06,0,0,False,はずれ,0.663456,0.661132,04 08 09 13 16 25,28,57,57
58,2001-11-08,2,10 21 24 35 37 42,10 24 35 37 42,21,0,0,False,はずれ,0.660312,0.661132,04 08 09 13 16 25,28,57,57
58,2001-11-08,3,06 18 24 35 37 42,06 18 24 35 37,42,0,0,False,はずれ,0.646548,0.630477,04 08 09 13 16 25,28,57,57
58,2001-11-08,4,06 18 21 24 35 37,06 18 24 35 37,21,0,0,False,はずれ,0.641602,0.630477,04 08 09 13 16 25,28,57,57
58,2001-11-08,5,06 21 24 35 37 42,06 21 24 35 42,37,0,0,False,はずれ,0.646006,0.627372,04 08 09 13 16 25,28,57,57
59,2001-11-15,1,06 10 24 35 37 42,10 24 35 37 42,06,0,0,False,はずれ,0.663456,0.661132,09 15 17 30 32 41,31,58,58
59,2001-11-15,2,10 21 24 35 37 42,10 24 35 37 42,21,0,0,False,はずれ,0.660312,0.661132,09 15 17 30 32 41,31,58,58
59,2001-11-15,3,06 18 24 35 37 42,06 18 24 35 37,42,0,0,False,はずれ,0.646548,0.630477,09 15 17 30 32 41,31,58,58
59,2001-11-15,4,06 18 21 24 35 37,06 18 24 35 37,21,0,0,False,はずれ,0.641602,0.630477,09 15 17 30 32 41,31,58,58
59,2001-11-15,5,06 21 24 35 37 42,06 21 24 35 42,37,0,0,False,はずれ,0.646006,0.627372,09 15 17 30 32 41,31,58,58
60,2001-11-22,1,06 10 24 35 37 42,10 24 35 37 42,06,1,1,False,はずれ,0.663456,0.661132,20 21 23 28 30 42,29,59,59
60,2001-11-22,2,10 21 24 35 37 42,10 24 35 37 42,21,1,2,False,はずれ,0.660312,0.661132,20 21 23 28 30 42,29,59,59
60,2001-11-22,3,06 18 24 35 37 42,06 18 24 35 37,42,0,1,False,はずれ,0.646548,0.630477,20 21 23 28 30 42,29,59,59
60,2001-11-22,4,06 18 21 24 35 37,06 18 24 35 37,21,0,1,False,はずれ,0.641602,0.630477,20 21 23 28 30 42,29,59,59
60,2001-11-22,5,06 21 24 35 37 42,06 21 24 35 42,37,2,2,False,はずれ,0.646006,0.627372,20 21 23 28 30 42,29,59,59
61,2001-11-29,1,06 10 24 35 37 42,10 24 35 37 42,06,0,0,True,はずれ,0.663456,0.661132,04 08 22 25 27 28,06,60,60
61,2001-11-29,2,10 21 24 35 37 42,10 24 35 37 42,21,0,0,False,はずれ,0.660312,0.661132,04 08 22 25 27 28,06,60,60
61,2001-11-29,3,06 18 24 35 37 42,06 18 24 35 37,42,0,0,True,はずれ,0.646548,0.630477,04 08 22 25 27 28,06,60,60
61,2001-11-29,4,06 18 21 24 35 37,06 18 24 35 37,21,0,0,True,はずれ,0.641602,0.630477,04 08 22 25 27 28,06,60,60
61,2001-11-29,5,06 21 24 35 37 42,06 21 24 35 42,37,0,0,True,はずれ,0.646006,0.627372,04 08 22 25 27 28,06,60,60
62,2001-12-06,1,06 10 24 35 37 42,10 24 35 37 42,06,0,0,True,はずれ,0.663456,0.661132,02 03 09 12 15 30,42,61,61
62,2001-12-06,2,10 21 24 35 37 42,10 24 35 37 42,21,0,0,True,はずれ,0.660312,0.661132,02 03 09 12 15 30,42,61,61
62,2001-12-06,3,06 18 24 35 37 42,06 18 24 35 37,42,0,0,True,はずれ,0.646548,0.630477,02 03 09 12 15 30,42,61,61
62,2001-12-06,4,06 18 21 24 35 37,06 18 24 35 37,21,0,0,False,はずれ,0.641602,0.630477,02 03 09 12 15 30,42,61,61
62,2001-12-06,5,06 21 24 35 37 42,06 21 24 35 42,37,0,0,True,はずれ,0.646006,0.627372,02 03 09 12 15 30,42,61,61
63,2001-12-13,1,06 10 24 35 37 42,10 24 35 37 42,06,0,0,False,はずれ,0.663456,0.661132,11 16 20 28 34 40,22,62,62
63,2001-12-13,2,10 21 24 35 37 42,10 24 35 37 42,21,0,0,False,はずれ,0.660312,0.661132,11 16 20 28 34 40,22,62,62
63,2001-12-13,3,06 18 24 35 37 42,06 18 24 35 37,42,0,0,False,はずれ,0.646548,0.630477,11 16 20 28 34 40,22,62,62
63,2001-12-13,4,06 18 21 24 35 37,06 18 24 35 37,21,0,0,False,はずれ,0.641602,0.630477,11 16 20 28 34 40,22,62,62
63,2001-12-13,5,06 21 24 35 37 42,06 21 24 35 42,37,0,0,False,はずれ,0.646006,0.627372,11 16 20 28 34 40,22,62,62
64,2001-12-20,1,06 10 24 35 37 42,10 24 35 37 42,06,0,0,False,はずれ,0.663456,0.661132,02 14 19 22 32 41,09,63,63
64,2001-12-20,2,10 21 24 35 37 42,10 24 35 37 42,21,0,0,False,はずれ,0.660312,0.661132,02 14 19 22 32 41,09,63,63
64,2001-12-20,3,06 18 24 35 37 42,06 18 24 35 37,42,0,0,False,はずれ,0.646548,0.630477,02 14 19 22 32 41,09,63,63
64,2001-12-20,4,06 18 21 24 35 37,06 18 24 35 37,21,0,0,False,はずれ,0.641602,0.630477,02 14 19 22 32 41,09,63,63
64,2001-12-20,5,06 21 24 35 37 42,06 21 24 35 42,37,0,0,False,はずれ,0.646006,0.627372,02 14 19 22 32 41,09,63,63
65,2001-12-27,1,06 10 24 35 37 42,10 24 35 37 42,06,1,1,False,はずれ,0.663456,0.661132,02 10 22 23 31 43,28,64,64
65,2001-12-27,2,10 21 24 35 37 42,10 24 35 37 42,21,1,1,False,はずれ,0.660312,0.661132,02 10 22 23 31 43,28,64,64
65,2001-12-27,3,06 18 24 35 37 42,06 18 24 35 37,42,0,0,False,はずれ,0.646548,0.630477,02 10 22 23 31 43,28,64,64
65,2001-12-27,4,06 18 21 24 35 37,06 18 24 35 37,21,0,0,False,はずれ,0.641602,0.630477,02 10 22 23 31 43,28,64,64
65,2001-12-27,5,06 21 24 35 37 42,06 21 24 35 42,37,0,0,False,はずれ,0.646006,0.627372,02 10 22 23 31 43,28,64,64
66,2002-01-10,1,06 10 24 35 37 42,10 24 35 37 42,06,1,1,False,はずれ,0.663456,0.661132,07 15 17 30 33 35,14,65,65
66,2002-01-10,2,10 21 24 35 37 42,10 24 35 37 42,21,1,1,False,はずれ,0.660312,0.661132,07 15 17 30 33 35,14,65,65
66,2002-01-10,3,06 18 24 35 37 42,06 18 24 35 37,42,1,1,False,はずれ,0.646548,0.630477,07 15 17 30 33 35,14,65,65
66,2002-01-10,4,06 18 21 24 35 37,06 18 24 35 37,21,1,1,False,はずれ,0.641602,0.630477,07 15 17 30 33 35,14,65,65
66,2002-01-10,5,06 21 24 35 37 42,06 21 24 35 42,37,1,1,False,はずれ,0.646006,0.627372,07 15 17 30 33 35,14,65,65
67,2002-01-17,1,06 10 24 35 37 42,10 24 35 37 42,06,0,1,False,はずれ,0.663456,0.661132,01 04 06 11 18 25,03,66,66
67,2002-01-17,2,10 21 24 35 37 42,10 24 35 37 42,21,0,0,False,はずれ,0.660312,0.661132,01 04 06 11 18 25,03,66,66
67,2002-01-17,3,06 18 24 35 37 42,06 18 24 35 37,42,2,2,False,はずれ,0.646548,0.630477,01 04 06 11 18 25,03,66,66
67,2002-01-17,4,06 18 21 24 35 37,06 18 24 35 37,21,2,2,False,はずれ,0.641602,0.630477,01 04 06 11 18 25,03,66,66
67,2002-01-17,5,06 21 24 35 37 42,06 21 24 35 42,37,1,1,False,はずれ,0.646006,0.627372,01 04 06 11 18 25,03,66,66
68,2002-01-24,1,06 10 24 35 37 42,10 24 35 37 42,06,2,2,False,はずれ,0.663456,0.661132,16 23 30 35 37 39,38,67,67
68,2002-01-24,2,10 21 24 35 37 42,10 24 35 37 42,21,2,2,False,はずれ,0.660312,0.661132,16 23 30 35 37 39,38,67,67
68,2002-01-24,3,06 18 24 35 37 42,06 18 24 35 37,42,2,2,False,はずれ,0.646548,0.630477,16 23 30 35 37 39,38,67,67
68,2002-01-24,4,06 18 21 24 35 37,06 18 24 35 37,21,2,2,False,はずれ,0.641602,0.630477,16 23 30 35 37 39,38,67,67
68,2002-01-24,5,06 21 24 35 37 42,06 21 24 35 42,37,1,2,False,はずれ,0.646006,0.627372,16 23 30 35 37 39,38,67,67
69,2002-01-31,1,06 10 24 35 37 42,10 24 35 37 42,06,1,1,False,はずれ,0.663456,0.661132,01 09 31 35 40 41,14,68,68
69,2002-01-31,2,10 21 24 35 37 42,10 24 35 37 42,21,1,1,False,はずれ,0.660312,0.661132,01 09 31 35 40 41,14,68,68
69,2002-01-31,3,06 18 24 35 37 42,06 18 24 35 37,42,1,1,False,はずれ,0.646548,0.630477,01 09 31 35 40 41,14,68,68
69,2002-01-31,4,06 18 21 24 35 37,06 18 24 35 37,21,1,1,False,はずれ,0.641602,0.630477,01 09 31 35 40 41,14,68,68
69,2002-01-31,5,06 21 24 35 37 42,06 21 24 35 42,37,1,1,False,はずれ,0.646006,0.627372,01 09 31 35 40 41,14,68,68
70,2002-02-07,1,06 10 24 35 37 42,10 24 35 37 42,06,1,2,False,はずれ,0.663456,0.661132,06 11 20 23 24 31,17,69,69
70,2002-02-07,2,10 21 24 35 37 42,10 24 35 37 42,21,1,1,False,はずれ,0.660312,0.661132,06 11 20 23 24 31,17,69,69
70,2002-02-07,3,06 18 24 35 37 42,06 18 24 35 37,42,2,2,False,はずれ,0.646548,0.630477,06 11 20 23 24 31,17,69,69
70,2002-02-07,4,06 18 21 24 35 37,06 18 24 35 37,21,2,2,False,はずれ,0.641602,0.630477,06 11 20 23 24 31,17,69,69
70,2002-02-07,5,06 21 24 35 37 42,06 21 24 35 42,37,2,2,False,はずれ,0.646006,0.627372,06 11 20 23 24 31,17,69,69
71,2002-02-14,1,06 10 24 35 37 42,10 24 35 37 42,06,1,1,False,はずれ,0.663456,0.661132,01 10 11 13 19 20,03,70,70
71,2002-02-14,2,10 21 24 35 37 42,10 24 35 37 42,21,1,1,False,はずれ,0.660312,0.661132,01 10 11 13 19 20,03,70,70
71,2002-02-14,3,06 18 24 35 37 42,06 18 24 35 37,42,0,0,False,はずれ,0.646548,0.630477,01 10 11 13 19 20,03,70,70
71,2002-02-14,4,06 18 21 24 35 37,06 18 24 35 37,21,0,0,False,はずれ,0.641602,0.630477,01 10 11 13 19 20,03,70,70
71,2002-02-14,5,06 21 24 35 37 42,06 21 24 35 42,37,0,0,False,はずれ,0.646006,0.627372,01 10 11 13 19 20,03,70,70
72,2002-02-21,1,06 10 24 35 37 42,10 24 35 37 42,06,3,3,False,5等,0.663456,0.661132,10 12 24 29 33 37,34,71,71
72,2002-02-21,2,10 21 24 35 37 42,10 24 35 37 42,21,3,3,False,5等,0.660312,0.661132,10 12 24 29 33 37,34,71,71
72,2002-02-21,3,06 18 24 35 37 42,06 18 24 35 37,42,2,2,False,はずれ,0.646548,0.630477,10 12 24 29 33 37,34,71,71
72,2002-02-21,4,06 18 21 24 35 37,06 18 24 35 37,21,2,2,False,はずれ,0.641602,0.630477,10 12 24 29 33 37,34,71,71
72,2002-02-21,5,06 21 24 35 37 42,06 21 24 35 42,37,1,2,False,はずれ,0.646006,0.627372,10 12 24 29 33 37,34,71,71
73,2002-02-28,1,06 10 24 35 37 42,10 24 35 37 42,06,0,1,False,はずれ,0.663456,0.661132,01 06 15 19 27 36,25,72,72
73,2002-02-28,2,10 21 24 35 37 42,10 24 35 37 42,21,0,0,False,はずれ,0.660312,0.661132,01 06 15 19 27 36,25,72,72
73,2002-02-28,3,06 18 24 35 37 42,06 18 24 35 37,42,1,1,False,はずれ,0.646548,0.630477,01 06 15 19 27 36,25,72,72
73,2002-02-28,4,06 18 21 24 35 37,06 18 24 35 37,21,1,1,False,はずれ,0.641602,0.630477,01 06 15 19 27 36,25,72,72
73,2002-02-28,5,06 21 24 35 37 42,06 21 24 35 42,37,1,1,False,はずれ,0.646006,0.627372,01 06 15 19 27 36,25,72,72
74,2002-03-07,1,06 10 24 35 37 42,10 24 35 37 42,06,0,0,False,はずれ,0.663456,0.661132,03 14 27 28 40 43,39,73,73
74,2002-03-07,2,10 21 24 35 37 42,10 24 35 37 42,21,0,0,False,はずれ,0.660312,0.661132,03 14 27 28 40 43,39,73,73
74,2002-03-07,3,06 18 24 35 37 42,06 18 24 35 37,42,0,0,False,はずれ,0.646548,0.630477,03 14 27 28 40 43,39,73,73
74,2002-03-07,4,06 18 21 24 35 37,06 18 24 35 37,21,0,0,False,はずれ,0.641602,0.630477,03 14 27 28 40 43,39,73,73
74,2002-03-07,5,06 21 24 35 37 42,06 21 24 35 42,37,0,0,False,はずれ,0.646006,0.627372,03 14 27 28 40 43,39,73,73
75,2002-03-14,1,06 10 24 35 37 42,10 24 35 37 42,06,0,0,False,はずれ,0.663456,0.661132,02 04 09 19 23 31,18,74,74
75,2002-03-14,2,10 21 24 35 37 42,10 24 35 37 42,21,0,0,False,はずれ,0.660312,0.661132,02 04 09 19 23 31,18,74,74
75,2002-03-14,3,06 18 24 35 37 42,06 18 24 35 37,42,0,0,True,はずれ,0.646548,0.630477,02 04 09 19 23 31,18,74,74
75,2002-03-14,4,06 18 21 24 35 37,06 18 24 35 37,21,0,0,True,はずれ,0.641602,0.630477,02 04 09 19 23 31,18,74,74
75,2002-03-14,5,06 21 24 35 37 42,06 21 24 35 42,37,0,0,False,はずれ,0.646006,0.627372,02 04 09 19 23 31,18,74,74
76,2002-03-21,1,06 10 24 35 37 42,10 24 35 37 42,06,2,2,False,はずれ,0.663456,0.661132,01 10 12 16 20 35,29,75,75
76,2002-03-21,2,10 21 24 35 37 42,10 24 35 37 42,21,2,2,False,はずれ,0.660312,0.661132,01 10 12 16 20 35,29,75,75
76,2002-03-21,3,06 18 24 35 37 42,06 18 24 35 37,42,1,1,False,はずれ,0.646548,0.630477,01 10 12 16 20 35,29,75,75
76,2002-03-21,4,06 18 21 24 35 37,06 18 24 35 37,21,1,1,False,はずれ,0.641602,0.630477,01 10 12 16 20 35,29,75,75
76,2002-03-21,5,06 21 24 35 37 42,06 21 24 35 42,37,1,1,False,はずれ,0.646006,0.627372,01 10 12 16 20 35,29,75,75
77,2002-03-28,1,06 10 24 35 37 42,10 24 35 37 42,06,2,2,False,はずれ,0.663456,0.661132,05 10 15 28 37 38,13,76,76
77,2002-03-28,2,10 21 24 35 37 42,10 24 35 37 42,21,2,2,False,はずれ,0.660312,0.661132,05 10 15 28 37 38,13,76,76
77,2002-03-28,3,06 18 24 35 37 42,06 18 24 35 37,42,1,1,False,はずれ,0.646548,0.630477,05 10 15 28 37 38,13,76,76
77,2002-03-28,4,06 18 21 24 35 37,06 18 24 35 37,21,1,1,False,はずれ,0.641602,0.630477,05 10 15 28 37 38,13,76,76
77,2002-03-28,5,06 21 24 35 37 42,06 21 24 35 42,37,0,1,False,はずれ,0.646006,0.627372,05 10 15 28 37 38,13,76,76
78,2002-04-04,1,06 10 24 35 37 42,10 24 35 37 42,06,0,0,True,はずれ,0.663456,0.661132,05 14 23 32 33 43,37,77,77
78,2002-04-04,2,10 21 24 35 37 42,10 24 35 37 42,21,0,0,True,はずれ,0.660312,0.661132,05 14 23 32 33 43,37,77,77
78,2002-04-04,3,06 18 24 35 37 42,06 18 24 35 37,42,0,0,True,はずれ,0.646548,0.630477,05 14 23 32 33 43,37,77,77
78,2002-04-04,4,06 18 21 24 35 37,06 18 24 35 37,21,0,0,True,はずれ,0.641602,0.630477,05 14 23 32 33 43,37,77,77
78,2002-04-04,5,06 21 24 35 37 42,06 21 24 35 42,37,0,0,True,はずれ,0.646006,0.627372,05 14 23 32 33 43,37,77,77
79,2002-04-11,1,06 10 24 35 37 42,10 24 35 37 42,06,0,0,False,はずれ,0.663456,0.661132,20 22 27 32 36 43,23,78,78
79,2002-04-11,2,10 21 24 35 37 42,10 24 35 37 42,21,0,0,False,はずれ,0.660312,0.661132,20 22 27 32 36 43,23,78,78
79,2002-04-11,3,06 18 24 35 37 42,06 18 24 35 37,42,0,0,False,はずれ,0.646548,0.630477,20 22 27 32 36 43,23,78,78
79,2002-04-11,4,06 18 21 24 35 37,06 18 24 35 37,21,0,0,False,はずれ,0.641602,0.630477,20 22 27 32 36 43,23,78,78
79,2002-04-11,5,06 21 24 35 37 42,06 21 24 35 42,37,0,0,False,はずれ,0.646006,0.627372,20 22 27 32 36 43,23,78,78
80,2002-04-18,1,06 10 24 35 37 42,10 24 35 37 42,06,0,0,False,はずれ,0.663456,0.661132,01 04 12 16 19 34,18,79,79
80,2002-04-18,2,10 21 24 35 37 42,10 24 35 37 42,21,0,0,False,はずれ,0.660312,0.661132,01 04 12 16 19 34,18,79,79
80,2002-04-18,3,06 18 24 35 37 42,06 18 24 35 37,42,0,0,True,はずれ,0.646548,0.630477,01 04 12 16 19 34,18,79,79
80,2002-04-18,4,06 18 21 24 35 37,06 18 24 35 37,21,0,0,True,はずれ,0.641602,0.630477,01 04 12 16 19 34,18,79,79
80,2002-04-18,5,06 21 24 35 37 42,06 21 24 35 42,37,0,0,False,はずれ,0.646006,0.627372,01 04 12 16 19 34,18,79,79
81,2002-04-25,1,06 10 24 35 37 42,10 24 35 37 42,06,0,0,False,はずれ,0.663456,0.661132,01 11 15 23 26 27,41,80,80
81,2002-04-25,2,10 21 24 35 37 42,10 24 35 37 42,21,0,0,False,はずれ,0.660312,0.661132,01 11 15 23 26 27,41,80,80
81,2002-04-25,3,06 18 24 35 37 42,06 18 24 35 37,42,0,0,False,はずれ,0.646548,0.630477,01 11 15 23 26 27,41,80,80
81,2002-04-25,4,06 18 21 24 35 37,06 18 24 35 37,21,0,0,False,はずれ,0.641602,0.630477,01 11 15 23 26 27,41,80,80
81,2002-04-25,5,06 21 24 35 37 42,06 21 24 35 42,37,0,0,False,はずれ,0.646006,0.627372,01 11 15 23 26 27,41,80,80
82,2002-05-02,1,06 10 24 35 37 42,10 24 35 37 42,06,1,1,False,はずれ,0.663456,0.661132,10 12 19 25 26 39,28,81,81
82,2002-05-02,2,10 21 24 35 37 42,10 24 35 37 42,21,1,1,False,はずれ,0.660312,0.661132,10 12 19 25 26 39,28,81,81
82,2002-05-02,3,06 18 24 35 37 42,06 18 24 35 37,42,0,0,False,はずれ,0.646548,0.630477,10 12 19 25 26 39,28,81,81
82,2002-05-02,4,06 18 21 24 35 37,06 18 24 35 37,21,0,0,False,はずれ,0.641602,0.630477,10 12 19 25 26 39,28,81,81
82,2002-05-02,5,06 21 24 35 37 42,06 21 24 35 42,37,0,0,False,はずれ,0.646006,0.627372,10 12 19 25 26 39,28,81,81
83,2002-05-09,1,06 10 24 35 37 42,10 24 35 37 42,06,2,2,False,はずれ,0.663456,0.661132,01 16 21 28 35 37,30,82,82
83,2002-05-09,2,10 21 24 35 37 42,10 24 35 37 42,21,2,3,False,5等,0.660312,0.661132,01 16 21 28 35 37,30,82,82
83,2002-05-09,3,06 18 24 35 37 42,06 18 24 35 37,42,2,2,False,はずれ,0.646548,0.630477,01 16 21 28 35 37,30,82,82
83,2002-05-09,4,06 18 21 24 35 37,06 18 24 35 37,21,2,3,False,5等,0.641602,0.630477,01 16 21 28 35 37,30,82,82
83,2002-05-09,5,06 21 24 35 37 42,06 21 24 35 42,37,2,3,False,5等,0.646006,0.627372,01 16 21 28 35 37,30,82,82
84,2002-05-16,1,06 10 24 35 37 42,10 24 35 37 42,06,2,2,False,はずれ,0.663456,0.661132,17 19 26 28 35 37,40,83,83
84,2002-05-16,2,10 21 24 35 37 42,10 24 35 37 42,21,2,2,False,はずれ,0.660312,0.661132,17 19 26 28 35 37,40,83,83
84,2002-05-16,3,06 18 24 35 37 42,06 18 24 35 37,42,2,2,False,はずれ,0.646548,0.630477,17 19 26 28 35 37,40,83,83
84,2002-05-16,4,06 18 21 24 35 37,06 18 24 35 37,21,2,2,False,はずれ,0.641602,0.630477,17 19 26 28 35 37,40,83,83
84,2002-05-16,5,06 21 24 35 37 42,06 21 24 35 42,37,1,2,False,はずれ,0.646006,0.627372,17 19 26 28 35 37,40,83,83
85,2002-05-23,1,06 10 24 35 37 42,10 24 35 37 42,06,0,0,False,はずれ,0.663456,0.661132,05 13 18 22 23 32,28,84,84
85,2002-05-23,2,10 21 24 35 37 42,10 24 35 37 42,21,0,0,False,はずれ,0.660312,0.661132,05 13 18 22 23 32,28,84,84
85,2002-05-23,3,06 18 24 35 37 42,06 18 24 35 37,42,1,1,False,はずれ,0.646548,0.630477,05 13 18 22 23 32,28,84,84
85,2002-05-23,4,06 18 21 24 35 37,06 18 24 35 37,21,1,1,False,はずれ,0.641602,0.630477,05 13 18 22 23 32,28,84,84
85,2002-05-23,5,06 21 24 35 37 42,06 21 24 35 42,37,0,0,False,はずれ,0.646006,0.627372,05 13 18 22 23 32,28,84,84
86,2002-05-30,1,06 10 24 35 37 42,10 24 35 37 42,06,1,1,False,はずれ,0.663456,0.661132,03 07 16 24 29 36,26,85,85
86,2002-05-30,2,10 21 24 35 37 42,10 24 35 37 42,21,1,1,False,はずれ,0.660312,0.661132,03 07 16 24 29 36,26,85,85
86,2002-05-30,3,06 18 24 35 37 42,06 18 24 35 37,42,1,1,False,はずれ,0.646548,0.630477,03 07 16 24 29 36,26,85,85
86,2002-05-30,4,06 18 21 24 35 37,06 18 24 35 37,21,1,1,False,はずれ,0.641602,0.630477,03 07 16 24 29 36,26,85,85
86,2002-05-30,5,06 21 24 35 37 42,06 21 24 35 42,37,1,1,False,はずれ,0.646006,0.627372,03 07 16 24 29 36,26,85,85
87,2002-06-06,1,06 10 24 35 37 42,10 24 35 37 42,06,0,0,True,はずれ,0.663456,0.661132,03 08 12 36 39 41,10,86,86
87,2002-06-06,2,10 21 24 35 37 42,10 24 35 37 42,21,0,0,True,はずれ,0.660312,0.661132,03 08 12 36 39 41,10,86,86
87,2002-06-06,3,06 18 24 35 37 42,06 18 24 35 37,42,0,0,False,はずれ,0.646548,0.630477,03 08 12 36 39 41,10,86,86
87,2002-06-06,4,06 18 21 24 35 37,06 18 24 35 37,21,0,0,False,はずれ,0.641602,0.630477,03 08 12 36 39 41,10,86,86
87,2002-06-06,5,06 21 24 35 37 42,06 21 24 35 42,37,0,0,False,はずれ,0.646006,0.627372,03 08 12 36 39 41,10,86,86
88,2002-06-13,1,06 10 24 35 37 42,10 24 35 37 42,06,0,1,False,はずれ,0.663456,0.661132,05 06 08 20 21 26,30,87,87
88,2002-06-13,2,10 21 24 35 37 42,10 24 35 37 42,21,0,1,False,はずれ,0.660312,0.661132,05 06 08 20 21 26,30,87,87
88,2002-06-13,3,06 18 24 35 37 42,06 18 24 35 37,42,1,1,False,はずれ,0.646548,0.630477,05 06 08 20 21 26,30,87,87
88,2002-06-13,4,06 18 21 24 35 37,06 18 24 35 37,21,1,2,False,はずれ,0.641602,0.630477,05 06 08 20 21 26,30,87,87
88,2002-06-13,5,06 21 24 35 37 42,06 21 24 35 42,37,2,2,False,はずれ,0.646006,0.627372,05 06 08 20 21 26,30,87,87
89,2002-06-20,1,06 10 24 35 37 42,10 24 35 37 42,06,1,1,False,はずれ,0.663456,0.661132,03 13 23 30 35 43,21,88,88
89,2002-06-20,2,10 21 24 35 37 42,10 24 35 37 42,21,1,1,True,はずれ,0.660312,0.661132,03 13 23 30 35 43,21,88,88
89,2002-06-20,3,06 18 24 35 37 42,06 18 24 35 37,42,1,1,False,はずれ,0.646548,0.630477,03 13 23 30 35 43,21,88,88
89,2002-06-20,4,06 18 21 24 35 37,06 18 24 35 37,21,1,1,True,はずれ,0.641602,0.630477,03 13 23 30 35 43,21,88,88
89,2002-06-20,5,06 21 24 35 37 42,06 21 24 35 42,37,1,1,True,はずれ,0.646006,0.627372,03 13 23 30 35 43,21,88,88
90,2002-06-27,1,06 10 24 35 37 42,10 24 35 37 42,06,0,0,False,はずれ,0.663456,0.661132,13 15 17 18 30 32,09,89,89
90,2002-06-27,2,10 21 24 35 37 42,10 24 35 37 42,21,0,0,False,はずれ,0.660312,0.661132,13 15 17 18 30 32,09,89,89
90,2002-06-27,3,06 18 24 35 37 42,06 18 24 35 37,42,1,1,False,はずれ,0.646548,0.630477,13 15 17 18 30 32,09,89,89
90,2002-06-27,4,06 18 21 24 35 37,06 18 24 35 37,21,1,1,False,はずれ,0.641602,0.630477,13 15 17 18 30 32,09,89,89
90,2002-06-27,5,06 21 24 35 37 42,06 21 24 35 42,37,0,0,False,はずれ,0.646006,0.627372,13 15 17 18 30 32,09,89,89
91,2002-07-04,1,06 10 24 35 37 42,10 24 35 37 42,06,0,0,True,はずれ,0.663456,0.661132,13 15 17 26 41 43,06,90,90
91,2002-07-04,2,10 21 24 35 37 42,10 24 35 37 42,21,0,0,False,はずれ,0.660312,0.661132,13 15 17 26 41 43,06,90,90
91,2002-07-04,3,06 18 24 35 37 42,06 18 24 35 37,42,0,0,True,はずれ,0.646548,0.630477,13 15 17 26 41 43,06,90,90
91,2002-07-04,4,06 18 21 24 35 37,06 18 24 35 37,21,0,0,True,はずれ,0.641602,0.630477,13 15 17 26 41 43,06,90,90
91,2002-07-04,5,06 21 24 35 37 42,06 21 24 35 42,37,0,0,True,はずれ,0.646006,0.627372,13 15 17 26 41 43,06,90,90
92,2002-07-11,1,06 10 24 35 37 42,10 24 35 37 42,06,1,1,False,はずれ,0.663456,0.661132,05 17 20 24 28 40,16,91,91
92,2002-07-11,2,10 21 24 35 37 42,10 24 35 37 42,21,1,1,False,はずれ,0.660312,0.661132,05 17 20 24 28 40,16,91,91
92,2002-07-11,3,06 18 24 35 37 42,06 18 24 35 37,42,1,1,False,はずれ,0.646548,0.630477,05 17 20 24 28 40,16,91,91
92,2002-07-11,4,06 18 21 24 35 37,06 18 24 35 37,21,1,1,False,はずれ,0.641602,0.630477,05 17 20 24 28 40,16,91,91
92,2002-07-11,5,06 21 24 35 37 42,06 21 24 35 42,37,1,1,False,はずれ,0.646006,0.627372,05 17 20 24 28 40,16,91,91
93,2002-07-18,1,06 10 24 35 37 42,10 24 35 37 42,06,2,2,False,はずれ,0.663456,0.661132,10 23 33 36 37 41,28,92,92
93,2002-07-18,2,10 21 24 35 37 42,10 24 35 37 42,21,2,2,False,はずれ,0.660312,0.661132,10 23 33 36 37 41,28,92,92
93,2002-07-18,3,06 18 24 35 37 42,06 18 24 35 37,42,1,1,False,はずれ,0.646548,0.630477,10 23 33 36 37 41,28,92,92
93,2002-07-18,4,06 18 21 24 35 37,06 18 24 35 37,21,1,1,False,はずれ,0.641602,0.630477,10 23 33 36 37 41,28,92,92
93,2002-07-18,5,06 21 24 35 37 42,06 21 24 35 42,37,0,1,False,はずれ,0.646006,0.627372,10 23 33 36 37 41,28,92,92
94,2002-07-25,1,06 10 24 35 37 42,10 24 35 37 42,06,0,0,False,はずれ,0.663456,0.661132,11 16 17 18 29 40,09,93,93
94,2002-07-25,2,10 21 24 35 37 42,10 24 35 37 42,21,0,0,False,はずれ,0.660312,0.661132,11 16 17 18 29 40,09,93,93
94,2002-07-25,3,06 18 24 35 37 42,06 18 24 35 37,42,1,1,False,はずれ,0.646548,0.630477,11 16 17 18 29 40,09,93,93
94,2002-07-25,4,06 18 21 24 35 37,06 18 24 35 37,21,1,1,False,はずれ,0.641602,0.630477,11 16 17 18 29 40,09,93,93
94,2002-07-25,5,06 21 24 35 37 42,06 21 24 35 42,37,0,0,False,はずれ,0.646006,0.627372,11 16 17 18 29 40,09,93,93
95,2002-08-01,1,06 10 24 35 37 42,10 24 35 37 42,06,0,0,False,はずれ,0.663456,0.661132,02 03 12 15 25 27,33,94,94
95,2002-08-01,2,10 21 24 35 37 42,10 24 35 37 42,21,0,0,False,はずれ,0.660312,0.661132,02 03 12 15 25 27,33,94,94
95,2002-08-01,3,06 18 24 35 37 42,06 18 24 35 37,42,0,0,False,はずれ,0.646548,0.630477,02 03 12 15 25 27,33,94,94
95,2002-08-01,4,06 18 21 24 35 37,06 18 24 35 37,21,0,0,False,はずれ,0.641602,0.630477,02 03 12 15 25 27,33,94,94
95,2002-08-01,5,06 21 24 35 37 42,06 21 24 35 42,37,0,0,False,はずれ,0.646006,0.627372,02 03 12 15 25 27,33,94,94
96,2002-08-08,1,06 10 24 35 37 42,10 24 35 37 42,06,0,0,True,はずれ,0.663456,0.661132,01 13 15 34 36 43,37,95,95
96,2002-08-08,2,10 21 24 35 37 42,10 24 35 37 42,21,0,0,True,はずれ,0.660312,0.661132,01 13 15 34 36 43,37,95,95
96,2002-08-08,3,06 18 24 35 37 42,06 18 24 35 37,42,0,0,True,はずれ,0.646548,0.630477,01 13 15 34 36 43,37,95,95
96,2002-08-08,4,06 18 21 24 35 37,06 18 24 35 37,21,0,0,True,はずれ,0.641602,0.630477,01 13 15 34 36 43,37,95,95
96,2002-08-08,5,06 21 24 35 37 42,06 21 24 35 42,37,0,0,True,はずれ,0.646006,0.627372,01 13 15 34 36 43,37,95,95
97,2002-08-15,1,06 10 24 35 37 42,10 24 35 37 42,06,3,3,False,5等,0.663456,0.661132,04 10 17 34 35 42,43,96,96
97,2002-08-15,2,10 21 24 35 37 42,10 24 35 37 42,21,3,3,False,5等,0.660312,0.661132,04 10 17 34 35 42,43,96,96
97,2002-08-15,3,06 18 24 35 37 42,06 18 24 35 37,42,1,2,False,はずれ,0.646548,0.630477,04 10 17 34 35 42,43,96,96
97,2002-08-15,4,06 18 21 24 35 37,06 18 24 35 37,21,1,1,False,はずれ,0.641602,0.630477,04 10 17 34 35 42,43,96,96
97,2002-08-15,5,06 21 24 35 37 42,06 21 24 35 42,37,2,2,False,はずれ,0.646006,0.627372,04 10 17 34 35 42,43,96,96
98,2002-08-22,1,06 10 24 35 37 42,10 24 35 37 42,06,1,1,False,はずれ,0.663456,0.661132,07 16 34 37 38 39,08,97,97
98,2002-08-22,2,10 21 24 35 37 42,10 24 35 37 42,21,1,1,False,はずれ,0.660312,0.661132,07 16 34 37 38 39,08,97,97
98,2002-08-22,3,06 18 24 35 37 42,06 18 24 35 37,42,1,1,False,はずれ,0.646548,0.630477,07 16 34 37 38 39,08,97,97
98,2002-08-22,4,06 18 21 24 35 37,06 18 24 35 37,21,1,1,False,はずれ,0.641602,0.630477,07 16 34 37 38 39,08,97,97
98,2002-08-22,5,06 21 24 35 37 42,06 21 24 35 42,37,0,1,False,はずれ,0.646006,0.627372,07 16 34 37 38 39,08,97,97
99,2002-08-29,1,06 10 24 35 37 42,10 24 35 37 42,06,0,0,False,はずれ,0.663456,0.661132,05 09 12 28 29 39,27,98,98
99,2002-08-29,2,10 21 24 35 37 42,10 24 35 37 42,21,0,0,False,はずれ,0.660312,0.661132,05 09 12 28 29 39,27,98,98
99,2002-08-29,3,06 18 24 35 37 42,06 18 24 35 37,42,0,0,False,はずれ,0.646548,0.630477,05 09 12 28 29 39,27,98,98
99,2002-08-29,4,06 18 21 24 35 37,06 18 24 35 37,21,0,0,False,はずれ,0.641602,0.630477,05 09 12 28 29 39,27,98,98
99,2002-08-29,5,06 21 24 35 37 42,06 21 24 35 42,37,0,0,False,はずれ,0.646006,0.627372,05 09 12 28 29 39,27,98,98
100,2002-09-05,1,06 10 24 35 37 42,10 24 35 37 42,06,0,1,False,はずれ,0.663456,0.661132,06 08 11 14 31 33,23,99,99
100,2002-09-05,2,10 21 24 35 37 42,10 24 35 37 42,21,0,0,False,はずれ,0.660312,0.661132,06 08 11 14 31 33,23,99,99
100,2002-09-05,3,06 18 24 35 37 42,06 18 24 35 37,42,1,1,False,はずれ,0.646548,0.630477,06 08 11 14 31 33,23,99,99
100,2002-09-05,4,06 18 21 24 35 37,06 18 24 35 37,21,1,1,False,はずれ,0.641602,0.630477,06 08 11 14 31 33,23,99,99
100,2002-09-05,5,06 21 24 35 37 42,06 21 24 35 42,37,1,1,False,はずれ,0.646006,0.627372,06 08 11 14 31 33,23,99,99
101,2002-09-12,1,06 10 24 35 37 42,10 24 35 37 42,06,0,0,False,はずれ,0.663456,0.661132,21 27 29 30 36 40,23,100,100
101,2002-09-12,2,10 21 24 35 37 42,10 24 35 37 42,21,0,1,False,はずれ,0.660312,0.661132,21 27 29 30 36 40,23,100,100
101,2002-09-12,3,06 18 24 35 37 42,06 18 24 35 37,42,0,0,False,はずれ,0.646548,0.630477,21 27 29 30 36 40,23,100,100
101,2002-09-12,4,06 18 21 24 35 37,06 18 24 35 37,21,0,1,False,はずれ,0.641602,0.630477,21 27 29 30 36 40,23,100,100
101,2002-09-12,5,06 21 24 35 37 42,06 21 24 35 42,37,1,1,False,はずれ,0.646006,0.627372,21 27 29 30 36 40,23,100,100
