draw_no,date,rank,prediction,actual,bonus,main_matches,bonus_match,grade,score,source,train_draws,train_until_draw_no,reference_payout_yen
1996,2025-05-05,1,02 04 08 15 27 37,06 17 26 28 33 34,20,0,False,はずれ,0.718,loto6_heuristic_ensemble,1,1995,0
1996,2025-05-05,2,02 08 26 27 35 37,06 17 26 28 33 34,20,1,False,はずれ,0.717,loto6_heuristic_ensemble,1,1995,0
1996,2025-05-05,3,02 04 26 27 37 39,06 17 26 28 33 34,20,1,False,はずれ,0.717,loto6_heuristic_ensemble,1,1995,0
1996,2025-05-05,4,02 04 08 13 27 37,06 17 26 28 33 34,20,0,False,はずれ,0.715778,loto6_heuristic_ensemble,1,1995,0
1996,2025-05-05,5,04 08 26 27 35 37,06 17 26 28 33 34,20,1,False,はずれ,0.714778,loto6_heuristic_ensemble,1,1995,0
1997,2025-05-08,1,02 08 17 26 27 37,05 16 17 28 36 40,14,1,False,はずれ,0.634778,loto6_heuristic_ensemble,2,1996,0
1997,2025-05-08,2,02 08 26 27 33 37,05 16 17 28 36 40,14,0,False,はずれ,0.634333,loto6_heuristic_ensemble,2,1996,0
1997,2025-05-08,3,02 08 17 26 33 37,05 16 17 28 36 40,14,1,False,はずれ,0.634,loto6_heuristic_ensemble,2,1996,0
1997,2025-05-08,4,02 04 26 27 33 37,05 16 17 28 36 40,14,0,False,はずれ,0.632111,loto6_heuristic_ensemble,2,1996,0
1997,2025-05-08,5,02 04 17 26 27 37,05 16 17 28 36 40,14,1,False,はずれ,0.630333,loto6_heuristic_ensemble,2,1996,0
1998,2025-05-12,1,06 17 26 28 33 37,01 04 06 09 20 43,21,1,False,はずれ,0.661,loto6_heuristic_ensemble,3,1997,0
1998,2025-05-12,2,02 17 26 28 33 37,01 04 06 09 20 43,21,0,False,はずれ,0.656444,loto6_heuristic_ensemble,3,1997,0
1998,2025-05-12,3,04 17 26 28 33 37,01 04 06 09 20 43,21,1,False,はずれ,0.654222,loto6_heuristic_ensemble,3,1997,0
1998,2025-05-12,4,05 17 26 28 33 36,01 04 06 09 20 43,21,0,False,はずれ,0.650222,loto6_heuristic_ensemble,3,1997,0
1998,2025-05-12,5,08 17 26 28 33 37,01 04 06 09 20 43,21,0,False,はずれ,0.649778,loto6_heuristic_ensemble,3,1997,0
1999,2025-05-15,1,06 17 26 28 33 37,17 31 34 35 36 38,02,1,False,はずれ,0.7052,loto6_heuristic_ensemble,4,1998,0
1999,2025-05-15,2,04 06 17 26 28 33,17 31 34 35 36 38,02,1,False,はずれ,0.699467,loto6_heuristic_ensemble,4,1998,0
1999,2025-05-15,3,06 09 17 26 28 33,17 31 34 35 36 38,02,1,False,はずれ,0.697022,loto6_heuristic_ensemble,4,1998,0
1999,2025-05-15,4,04 06 17 26 33 37,17 31 34 35 36 38,02,1,False,はずれ,0.695067,loto6_heuristic_ensemble,4,1998,0
1999,2025-05-15,5,04 17 26 28 33 37,17 31 34 35 36 38,02,1,False,はずれ,0.694089,loto6_heuristic_ensemble,4,1998,0
2000,2025-05-19,1,05 17 26 28 33 36,01 02 16 21 25 35,22,0,False,はずれ,0.619333,loto6_heuristic_ensemble,5,1999,0
2000,2025-05-19,2,06 17 26 28 33 37,01 02 16 21 25 35,22,0,False,はずれ,0.619111,loto6_heuristic_ensemble,5,1999,0
2000,2025-05-19,3,06 09 17 26 28 33,01 02 16 21 25 35,22,0,False,はずれ,0.612667,loto6_heuristic_ensemble,5,1999,0
2000,2025-05-19,4,05 17 26 28 34 36,01 02 16 21 25 35,22,0,False,はずれ,0.612667,loto6_heuristic_ensemble,5,1999,0
2000,2025-05-19,5,06 17 26 28 33 36,01 02 16 21 25 35,22,0,False,はずれ,0.611778,loto6_heuristic_ensemble,5,1999,0
2001,2025-05-22,1,06 17 26 28 33 35,13 21 24 26 34 36,20,1,False,はずれ,0.641556,loto6_heuristic_ensemble,6,2000,0
2001,2025-05-22,2,01 06 17 26 28 35,13 21 24 26 34 36,20,1,False,はずれ,0.634762,loto6_heuristic_ensemble,6,2000,0
2001,2025-05-22,3,01 06 17 26 28 33,13 21 24 26 34 36,20,1,False,はずれ,0.632667,loto6_heuristic_ensemble,6,2000,0
2001,2025-05-22,4,01 17 26 28 33 36,13 21 24 26 34 36,20,2,False,はずれ,0.63019,loto6_heuristic_ensemble,6,2000,0
2001,2025-05-22,5,05 17 26 28 33 36,13 21 24 26 34 36,20,2,False,はずれ,0.630063,loto6_heuristic_ensemble,6,2000,0
2002,2025-05-26,1,01 17 21 26 34 36,01 17 19 23 36 42,15,3,False,5等,0.730278,loto6_heuristic_ensemble,7,2001,1000
2002,2025-05-26,2,05 17 21 26 34 36,01 17 19 23 36 42,15,2,False,はずれ,0.715889,loto6_heuristic_ensemble,7,2001,0
2002,2025-05-26,3,06 17 21 26 34 36,01 17 19 23 36 42,15,2,False,はずれ,0.709056,loto6_heuristic_ensemble,7,2001,0
2002,2025-05-26,4,01 17 26 28 34 36,01 17 19 23 36 42,15,3,False,5等,0.7045,loto6_heuristic_ensemble,7,2001,1000
2002,2025-05-26,5,05 17 26 28 34 36,01 17 19 23 36 42,15,2,False,はずれ,0.703444,loto6_heuristic_ensemble,7,2001,0
2003,2025-05-29,1,01 17 21 26 34 36,01 05 10 13 35 40,39,1,False,はずれ,0.671333,loto6_heuristic_ensemble,8,2002,0
2003,2025-05-29,2,01 17 21 28 34 36,01 05 10 13 35 40,39,1,False,はずれ,0.655037,loto6_heuristic_ensemble,8,2002,0
2003,2025-05-29,3,01 17 21 26 28 36,01 05 10 13 35 40,39,1,False,はずれ,0.64837,loto6_heuristic_ensemble,8,2002,0
2003,2025-05-29,4,01 17 26 28 34 36,01 05 10 13 35 40,39,1,False,はずれ,0.64237,loto6_heuristic_ensemble,8,2002,0
2003,2025-05-29,5,01 05 17 26 34 36,01 05 10 13 35 40,39,2,False,はずれ,0.641704,loto6_heuristic_ensemble,8,2002,0
2004,2025-06-02,1,01 17 21 26 34 36,16 18 25 27 31 36,07,1,False,はずれ,0.696756,loto6_heuristic_ensemble,9,2003,0
2004,2025-06-02,2,01 13 17 26 34 36,16 18 25 27 31 36,07,1,False,はずれ,0.691067,loto6_heuristic_ensemble,9,2003,0
2004,2025-06-02,3,01 17 21 28 34 36,16 18 25 27 31 36,07,1,False,はずれ,0.679689,loto6_heuristic_ensemble,9,2003,0
2004,2025-06-02,4,01 13 17 28 34 36,16 18 25 27 31 36,07,1,False,はずれ,0.678444,loto6_heuristic_ensemble,9,2003,0
2004,2025-06-02,5,01 05 17 26 34 36,16 18 25 27 31 36,07,1,False,はずれ,0.677733,loto6_heuristic_ensemble,9,2003,0
2005,2025-06-05,1,01 17 21 26 34 36,03 07 18 27 33 34,06,1,False,はずれ,0.646331,loto6_heuristic_ensemble,10,2004,0
2005,2025-06-05,2,01 13 17 26 34 36,03 07 18 27 33 34,06,1,False,はずれ,0.640958,loto6_heuristic_ensemble,10,2004,0
2005,2025-06-05,3,01 17 21 28 34 36,03 07 18 27 33 34,06,1,False,はずれ,0.632101,loto6_heuristic_ensemble,10,2004,0
2005,2025-06-05,4,01 13 17 28 34 36,03 07 18 27 33 34,06,1,False,はずれ,0.631172,loto6_heuristic_ensemble,10,2004,0
2005,2025-06-05,5,01 05 17 26 34 36,03 07 18 27 33 34,06,1,False,はずれ,0.627624,loto6_heuristic_ensemble,10,2004,0
2006,2025-06-09,1,01 17 21 26 34 36,04 07 19 22 26 28,33,1,False,はずれ,0.661511,loto6_heuristic_ensemble,11,2005,0
2006,2025-06-09,2,01 13 17 26 34 36,04 07 19 22 26 28,33,1,False,はずれ,0.6564,loto6_heuristic_ensemble,11,2005,0
2006,2025-06-09,3,01 17 21 28 34 36,04 07 19 22 26 28,33,1,False,はずれ,0.646756,loto6_heuristic_ensemble,11,2005,0
2006,2025-06-09,4,01 13 17 28 34 36,04 07 19 22 26 28,33,1,False,はずれ,0.646089,loto6_heuristic_ensemble,11,2005,0
2006,2025-06-09,5,01 17 26 31 34 36,04 07 19 22 26 28,33,1,False,はずれ,0.646067,loto6_heuristic_ensemble,11,2005,0
2007,2025-06-12,1,01 17 21 26 34 36,06 18 23 24 30 35,38,0,False,はずれ,0.675156,loto6_heuristic_ensemble,12,2006,0
2007,2025-06-12,2,01 13 17 26 34 36,06 18 23 24 30 35,38,0,False,はずれ,0.670267,loto6_heuristic_ensemble,12,2006,0
2007,2025-06-12,3,01 17 26 31 34 36,06 18 23 24 30 35,38,0,False,はずれ,0.660044,loto6_heuristic_ensemble,12,2006,0
2007,2025-06-12,4,01 05 17 26 34 36,06 18 23 24 30 35,38,0,False,はずれ,0.656933,loto6_heuristic_ensemble,12,2006,0
2007,2025-06-12,5,01 17 21 28 34 36,06 18 23 24 30 35,38,0,False,はずれ,0.654622,loto6_heuristic_ensemble,12,2006,0
2008,2025-06-16,1,01 17 21 26 34 36,05 08 09 17 22 36,30,2,False,はずれ,0.681156,loto6_heuristic_ensemble,13,2007,0
2008,2025-06-16,2,01 13 17 26 34 36,05 08 09 17 22 36,30,2,False,はずれ,0.676457,loto6_heuristic_ensemble,13,2007,0
2008,2025-06-16,3,01 05 17 26 34 36,05 08 09 17 22 36,30,3,False,5等,0.663124,loto6_heuristic_ensemble,13,2007,1000
2008,2025-06-16,4,01 17 21 28 34 36,05 08 09 17 22 36,30,2,False,はずれ,0.660622,loto6_heuristic_ensemble,13,2007,0
2008,2025-06-16,5,01 13 17 28 34 36,05 08 09 17 22 36,30,2,False,はずれ,0.660368,loto6_heuristic_ensemble,13,2007,0
2009,2025-06-19,1,01 17 21 26 34 36,08 17 20 35 36 40,12,2,False,はずれ,0.6292,loto6_heuristic_ensemble,14,2008,0
2009,2025-06-19,2,01 05 17 26 34 36,08 17 20 35 36 40,12,2,False,はずれ,0.624889,loto6_heuristic_ensemble,14,2008,0
2009,2025-06-19,3,01 13 17 26 34 36,08 17 20 35 36 40,12,2,False,はずれ,0.624667,loto6_heuristic_ensemble,14,2008,0
2009,2025-06-19,4,01 05 17 28 34 36,08 17 20 35 36 40,12,2,False,はずれ,0.618889,loto6_heuristic_ensemble,14,2008,0
2009,2025-06-19,5,05 13 17 26 34 36,08 17 20 35 36 40,12,2,False,はずれ,0.618444,loto6_heuristic_ensemble,14,2008,0
2010,2025-06-23,1,01 17 21 26 34 36,09 15 24 29 31 40,13,0,False,はずれ,0.601512,loto6_heuristic_ensemble,15,2009,0
2010,2025-06-23,2,01 13 17 26 34 36,09 15 24 29 31 40,13,0,True,はずれ,0.597123,loto6_heuristic_ensemble,15,2009,0
2010,2025-06-23,3,01 05 17 26 34 36,09 15 24 29 31 40,13,0,False,はずれ,0.595389,loto6_heuristic_ensemble,15,2009,0
2010,2025-06-23,4,05 13 17 26 34 36,09 15 24 29 31 40,13,0,True,はずれ,0.591579,loto6_heuristic_ensemble,15,2009,0
2010,2025-06-23,5,01 05 17 28 36 40,09 15 24 29 31 40,13,1,False,はずれ,0.590802,loto6_heuristic_ensemble,15,2009,0
2011,2025-06-26,1,01 05 17 28 36 40,12 14 18 24 30 42,04,0,False,はずれ,0.605167,loto6_heuristic_ensemble,16,2010,0
2011,2025-06-26,2,01 05 17 26 36 40,12 14 18 24 30 42,04,0,False,はずれ,0.60485,loto6_heuristic_ensemble,16,2010,0
2011,2025-06-26,3,01 05 17 34 36 40,12 14 18 24 30 42,04,0,False,はずれ,0.601869,loto6_heuristic_ensemble,16,2010,0
2011,2025-06-26,4,01 05 17 26 34 36,12 14 18 24 30 42,04,0,False,はずれ,0.600614,loto6_heuristic_ensemble,16,2010,0
2011,2025-06-26,5,01 09 17 26 36 40,12 14 18 24 30 42,04,0,False,はずれ,0.599255,loto6_heuristic_ensemble,16,2010,0
2012,2025-06-30,1,01 05 17 28 36 40,01 14 20 36 38 41,30,2,False,はずれ,0.610095,loto6_heuristic_ensemble,17,2011,0
2012,2025-06-30,2,01 05 17 26 36 40,01 14 20 36 38 41,30,2,False,はずれ,0.609778,loto6_heuristic_ensemble,17,2011,0
2012,2025-06-30,3,01 05 17 34 36 40,01 14 20 36 38 41,30,2,False,はずれ,0.606741,loto6_heuristic_ensemble,17,2011,0
2012,2025-06-30,4,01 05 17 26 34 36,01 14 20 36 38 41,30,2,False,はずれ,0.605259,loto6_heuristic_ensemble,17,2011,0
2012,2025-06-30,5,01 09 17 26 36 40,01 14 20 36 38 41,30,2,False,はずれ,0.604296,loto6_heuristic_ensemble,17,2011,0
2013,2025-07-03,1,01 05 17 28 36 40,07 12 30 31 39 43,42,0,False,はずれ,0.590129,loto6_heuristic_ensemble,18,2012,0
2013,2025-07-03,2,01 05 17 26 36 40,07 12 30 31 39 43,42,0,False,はずれ,0.588573,loto6_heuristic_ensemble,18,2012,0
2013,2025-07-03,3,01 05 17 34 36 40,07 12 30 31 39 43,42,0,False,はずれ,0.585485,loto6_heuristic_ensemble,18,2012,0
2013,2025-07-03,4,01 05 17 26 34 36,07 12 30 31 39 43,42,0,False,はずれ,0.583801,loto6_heuristic_ensemble,18,2012,0
2013,2025-07-03,5,01 09 17 26 36 40,07 12 30 31 39 43,42,0,False,はずれ,0.583193,loto6_heuristic_ensemble,18,2012,0
2014,2025-07-07,1,01 05 17 28 36 40,07 11 21 24 29 34,40,0,True,はずれ,0.594644,loto6_heuristic_ensemble,19,2013,0
2014,2025-07-07,2,01 05 17 26 36 40,07 11 21 24 29 34,40,0,True,はずれ,0.593089,loto6_heuristic_ensemble,19,2013,0
2014,2025-07-07,3,01 05 17 34 36 40,07 11 21 24 29 34,40,1,True,はずれ,0.589956,loto6_heuristic_ensemble,19,2013,0
2014,2025-07-07,4,01 17 26 31 34 36,07 11 21 24 29 34,40,1,False,はずれ,0.589756,loto6_heuristic_ensemble,19,2013,0
2014,2025-07-07,5,01 05 17 26 34 36,07 11 21 24 29 34,40,1,False,はずれ,0.588089,loto6_heuristic_ensemble,19,2013,0
2015,2025-07-10,1,01 17 24 31 34 36,06 08 13 16 20 23,26,0,False,はずれ,0.599365,loto6_heuristic_ensemble,20,2014,0
2015,2025-07-10,2,01 05 17 28 36 40,06 08 13 16 20 23,26,0,False,はずれ,0.59873,loto6_heuristic_ensemble,20,2014,0
2015,2025-07-10,3,01 05 17 26 36 40,06 08 13 16 20 23,26,0,True,はずれ,0.597175,loto6_heuristic_ensemble,20,2014,0
2015,2025-07-10,4,01 05 17 24 36 40,06 08 13 16 20 23,26,0,False,はずれ,0.597016,loto6_heuristic_ensemble,20,2014,0
2015,2025-07-10,5,01 17 24 26 31 36,06 08 13 16 20 23,26,0,True,はずれ,0.595524,loto6_heuristic_ensemble,20,2014,0
2016,2025-07-14,1,01 17 24 31 34 36,10 13 27 31 40 42,01,1,True,はずれ,0.603717,loto6_heuristic_ensemble,21,2015,0
2016,2025-07-14,2,01 17 24 26 31 36,10 13 27 31 40 42,01,1,True,はずれ,0.599576,loto6_heuristic_ensemble,21,2015,0
2016,2025-07-14,3,01 17 26 31 34 36,10 13 27 31 40 42,01,1,True,はずれ,0.599131,loto6_heuristic_ensemble,21,2015,0
2016,2025-07-14,4,01 17 20 27 34 36,10 13 27 31 40 42,01,1,True,はずれ,0.598121,loto6_heuristic_ensemble,21,2015,0
2016,2025-07-14,5,01 07 17 26 34 36,10 13 27 31 40 42,01,0,True,はずれ,0.597899,loto6_heuristic_ensemble,21,2015,0
2017,2025-07-17,1,01 13 17 24 36 40,02 04 11 22 24 35,08,1,False,はずれ,0.615034,loto6_heuristic_ensemble,22,2016,0
2017,2025-07-17,2,01 17 24 31 34 36,02 04 11 22 24 35,08,1,False,はずれ,0.614097,loto6_heuristic_ensemble,22,2016,0
2017,2025-07-17,3,01 13 17 26 36 40,02 04 11 22 24 35,08,0,False,はずれ,0.612396,loto6_heuristic_ensemble,22,2016,0
2017,2025-07-17,4,01 17 24 26 31 36,02 04 11 22 24 35,08,1,False,はずれ,0.609681,loto6_heuristic_ensemble,22,2016,0
2017,2025-07-17,5,01 13 17 26 34 36,02 04 11 22 24 35,08,0,False,はずれ,0.609459,loto6_heuristic_ensemble,22,2016,0
2018,2025-07-21,1,01 13 17 24 36 40,01 02 14 21 22 33,37,1,False,はずれ,0.625333,loto6_heuristic_ensemble,23,2017,0
2018,2025-07-21,2,01 17 24 31 34 36,01 02 14 21 22 33,37,1,False,はずれ,0.624333,loto6_heuristic_ensemble,23,2017,0
2018,2025-07-21,3,01 17 24 26 31 36,01 02 14 21 22 33,37,1,False,はずれ,0.619667,loto6_heuristic_ensemble,23,2017,0
2018,2025-07-21,4,01 17 24 31 36 40,01 02 14 21 22 33,37,1,False,はずれ,0.618889,loto6_heuristic_ensemble,23,2017,0
2018,2025-07-21,5,01 17 20 24 31 36,01 02 14 21 22 33,37,1,False,はずれ,0.6185,loto6_heuristic_ensemble,23,2017,0
2019,2025-07-24,1,01 13 17 24 36 40,07 13 14 21 39 42,09,1,False,はずれ,0.633422,loto6_heuristic_ensemble,24,2018,0
2019,2025-07-24,2,01 17 24 31 34 36,07 13 14 21 39 42,09,0,False,はずれ,0.632364,loto6_heuristic_ensemble,24,2018,0
2019,2025-07-24,3,01 17 24 26 31 36,07 13 14 21 39 42,09,0,False,はずれ,0.627467,loto6_heuristic_ensemble,24,2018,0
2019,2025-07-24,4,01 17 24 31 36 40,07 13 14 21 39 42,09,0,False,はずれ,0.626978,loto6_heuristic_ensemble,24,2018,0
2019,2025-07-24,5,01 17 20 24 31 36,07 13 14 21 39 42,09,0,False,はずれ,0.62656,loto6_heuristic_ensemble,24,2018,0
2020,2025-07-28,1,01 17 21 24 34 36,05 21 23 28 38 39,32,1,False,はずれ,0.650222,loto6_heuristic_ensemble,25,2019,0
2020,2025-07-28,2,01 13 17 24 36 40,05 21 23 28 38 39,32,0,False,はずれ,0.643556,loto6_heuristic_ensemble,25,2019,0
2020,2025-07-28,3,01 17 21 26 34 36,05 21 23 28 38 39,32,1,False,はずれ,0.638,loto6_heuristic_ensemble,25,2019,0
2020,2025-07-28,4,01 17 21 24 36 40,05 21 23 28 38 39,32,1,False,はずれ,0.636889,loto6_heuristic_ensemble,25,2019,0
2020,2025-07-28,5,01 17 24 31 34 36,05 21 23 28 38 39,32,0,False,はずれ,0.635778,loto6_heuristic_ensemble,25,2019,0
2021,2025-07-31,1,01 17 21 24 34 36,02 17 22 29 30 43,31,1,False,はずれ,0.661481,loto6_heuristic_ensemble,26,2020,0
2021,2025-07-31,2,01 17 21 26 34 36,02 17 22 29 30 43,31,1,False,はずれ,0.648988,loto6_heuristic_ensemble,26,2020,0
2021,2025-07-31,3,01 17 21 24 36 40,02 17 22 29 30 43,31,1,False,はずれ,0.648198,loto6_heuristic_ensemble,26,2020,0
2021,2025-07-31,4,01 13 17 24 36 40,02 17 22 29 30 43,31,1,False,はずれ,0.64684,loto6_heuristic_ensemble,26,2020,0
2021,2025-07-31,5,07 17 21 24 34 36,02 17 22 29 30 43,31,1,False,はずれ,0.645506,loto6_heuristic_ensemble,26,2020,0
2022,2025-08-04,1,01 17 21 24 34 36,02 03 18 26 31 33,30,0,False,はずれ,0.665746,loto6_heuristic_ensemble,27,2021,0
2022,2025-08-04,2,01 17 21 26 34 36,02 03 18 26 31 33,30,1,False,はずれ,0.653,loto6_heuristic_ensemble,27,2021,0
2022,2025-08-04,3,01 17 21 24 36 40,02 03 18 26 31 33,30,0,False,はずれ,0.652508,loto6_heuristic_ensemble,27,2021,0
2022,2025-08-04,4,01 13 17 24 36 40,02 03 18 26 31 33,30,0,False,はずれ,0.651127,loto6_heuristic_ensemble,27,2021,0
2022,2025-08-04,5,07 17 21 24 34 36,02 03 18 26 31 33,30,0,False,はずれ,0.649794,loto6_heuristic_ensemble,27,2021,0
2023,2025-08-07,1,01 17 21 24 34 36,01 20 28 29 31 43,05,1,False,はずれ,0.66882,loto6_heuristic_ensemble,28,2022,0
2023,2025-08-07,2,02 17 21 24 31 36,01 20 28 29 31 43,05,1,False,はずれ,0.659648,loto6_heuristic_ensemble,28,2022,0
2023,2025-08-07,3,01 17 21 24 36 40,01 20 28 29 31 43,05,1,False,はずれ,0.655625,loto6_heuristic_ensemble,28,2022,0
2023,2025-08-07,4,01 17 21 26 34 36,01 20 28 29 31 43,05,1,False,はずれ,0.654943,loto6_heuristic_ensemble,28,2022,0
2023,2025-08-07,5,01 13 17 24 36 40,01 20 28 29 31 43,05,1,False,はずれ,0.654222,loto6_heuristic_ensemble,28,2022,0
2024,2025-08-11,1,01 17 21 24 34 36,10 13 16 29 34 42,21,1,True,はずれ,0.677467,loto6_heuristic_ensemble,29,2023,0
2024,2025-08-11,2,01 17 20 28 31 36,10 13 16 29 34 42,21,0,False,はずれ,0.675067,loto6_heuristic_ensemble,29,2023,0
2024,2025-08-11,3,01 17 20 24 31 36,10 13 16 29 34 42,21,0,False,はずれ,0.674311,loto6_heuristic_ensemble,29,2023,0
2024,2025-08-11,4,01 17 22 24 31 36,10 13 16 29 34 42,21,0,False,はずれ,0.672356,loto6_heuristic_ensemble,29,2023,0
2024,2025-08-11,5,02 17 21 24 31 36,10 13 16 29 34 42,21,0,True,はずれ,0.670844,loto6_heuristic_ensemble,29,2023,0
2025,2025-08-14,1,01 17 21 24 34 36,12 18 26 28 41 43,35,0,False,はずれ,0.683319,loto6_heuristic_ensemble,30,2024,0
2025,2025-08-14,2,01 17 20 28 31 36,12 18 26 28 41 43,35,1,False,はずれ,0.678179,loto6_heuristic_ensemble,30,2024,0
2025,2025-08-14,3,01 17 20 24 31 36,12 18 26 28 41 43,35,0,False,はずれ,0.677312,loto6_heuristic_ensemble,30,2024,0
2025,2025-08-14,4,01 17 24 31 34 36,12 18 26 28 41 43,35,0,False,はずれ,0.67653,loto6_heuristic_ensemble,30,2024,0
2025,2025-08-14,5,01 17 22 24 31 36,12 18 26 28 41 43,35,0,False,はずれ,0.675319,loto6_heuristic_ensemble,30,2024,0
2026,2025-08-18,1,01 17 20 28 31 36,02 05 08 11 20 26,28,1,True,はずれ,0.688681,loto6_heuristic_ensemble,31,2025,0
2026,2025-08-18,2,01 17 21 24 34 36,02 05 08 11 20 26,28,0,False,はずれ,0.686097,loto6_heuristic_ensemble,31,2025,0
2026,2025-08-18,3,01 17 26 28 31 36,02 05 08 11 20 26,28,1,True,はずれ,0.684264,loto6_heuristic_ensemble,31,2025,0
2026,2025-08-18,4,01 17 20 26 31 36,02 05 08 11 20 26,28,2,False,はずれ,0.680681,loto6_heuristic_ensemble,31,2025,0
2026,2025-08-18,5,01 17 24 28 31 36,02 05 08 11 20 26,28,0,True,はずれ,0.680153,loto6_heuristic_ensemble,31,2025,0
2027,2025-08-21,1,01 17 20 26 31 36,05 12 18 23 34 39,13,0,False,はずれ,0.701354,loto6_heuristic_ensemble,32,2026,0
2027,2025-08-21,2,01 17 20 28 31 36,05 12 18 23 34 39,13,0,False,はずれ,0.698545,loto6_heuristic_ensemble,32,2026,0
2027,2025-08-21,3,01 17 26 28 31 36,05 12 18 23 34 39,13,0,False,はずれ,0.695212,loto6_heuristic_ensemble,32,2026,0
2027,2025-08-21,4,02 17 21 26 31 36,05 12 18 23 34 39,13,0,False,はずれ,0.694929,loto6_heuristic_ensemble,32,2026,0
2027,2025-08-21,5,01 17 24 26 31 36,05 12 18 23 34 39,13,0,False,はずれ,0.690525,loto6_heuristic_ensemble,32,2026,0
2028,2025-08-25,1,01 17 20 26 31 36,06 10 12 19 21 42,16,0,False,はずれ,0.704026,loto6_heuristic_ensemble,33,2027,0
2028,2025-08-25,2,01 17 20 28 31 36,06 10 12 19 21 42,16,0,False,はずれ,0.701203,loto6_heuristic_ensemble,33,2027,0
2028,2025-08-25,3,01 17 21 26 34 36,06 10 12 19 21 42,16,1,False,はずれ,0.700157,loto6_heuristic_ensemble,33,2027,0
2028,2025-08-25,4,01 17 21 24 34 36,06 10 12 19 21 42,16,1,False,はずれ,0.698301,loto6_heuristic_ensemble,33,2027,0
2028,2025-08-25,5,01 17 26 28 31 36,06 10 12 19 21 42,16,0,False,はずれ,0.697869,loto6_heuristic_ensemble,33,2027,0
2029,2025-08-28,1,01 17 21 26 34 36,07 21 31 36 40 43,41,2,False,はずれ,0.707352,loto6_heuristic_ensemble,34,2028,0
2029,2025-08-28,2,01 17 20 26 31 36,07 21 31 36 40 43,41,2,False,はずれ,0.706546,loto6_heuristic_ensemble,34,2028,0
2029,2025-08-28,3,01 17 21 24 34 36,07 21 31 36 40 43,41,2,False,はずれ,0.705365,loto6_heuristic_ensemble,34,2028,0
2029,2025-08-28,4,02 17 21 26 31 36,07 21 31 36 40 43,41,3,False,5等,0.704737,loto6_heuristic_ensemble,34,2028,1000
2029,2025-08-28,5,01 17 20 28 31 36,07 21 31 36 40 43,41,2,False,はずれ,0.703708,loto6_heuristic_ensemble,34,2028,0
2030,2025-09-01,1,02 17 21 26 31 36,03 07 28 29 32 36,13,1,False,はずれ,0.685333,loto6_heuristic_ensemble,35,2029,0
2030,2025-09-01,2,01 17 21 26 34 36,03 07 28 29 32 36,13,1,False,はずれ,0.677815,loto6_heuristic_ensemble,35,2029,0
2030,2025-09-01,3,01 17 21 24 34 36,03 07 28 29 32 36,13,1,False,はずれ,0.676667,loto6_heuristic_ensemble,35,2029,0
2030,2025-09-01,4,02 17 21 24 31 36,03 07 28 29 32 36,13,1,False,はずれ,0.67663,loto6_heuristic_ensemble,35,2029,0
2030,2025-09-01,5,02 17 21 31 34 36,03 07 28 29 32 36,13,1,False,はずれ,0.675963,loto6_heuristic_ensemble,35,2029,0
2031,2025-09-04,1,02 17 21 26 31 36,02 03 16 20 23 29,27,1,False,はずれ,0.649484,loto6_heuristic_ensemble,36,2030,0
2031,2025-09-04,2,07 17 21 26 28 36,02 03 16 20 23 29,27,0,False,はずれ,0.645081,loto6_heuristic_ensemble,36,2030,0
2031,2025-09-04,3,01 17 21 26 28 36,02 03 16 20 23 29,27,0,False,はずれ,0.643215,loto6_heuristic_ensemble,36,2030,0
2031,2025-09-04,4,01 17 21 28 34 36,02 03 16 20 23 29,27,0,False,はずれ,0.643164,loto6_heuristic_ensemble,36,2030,0
2031,2025-09-04,5,02 17 21 28 31 36,02 03 16 20 23 29,27,1,False,はずれ,0.642614,loto6_heuristic_ensemble,36,2030,0
2032,2025-09-08,1,02 17 21 26 31 36,08 15 27 33 37 39,31,0,True,はずれ,0.657407,loto6_heuristic_ensemble,37,2031,0
2032,2025-09-08,2,02 17 21 28 31 36,08 15 27 33 37 39,31,0,True,はずれ,0.650593,loto6_heuristic_ensemble,37,2031,0
2032,2025-09-08,3,02 17 21 24 31 36,08 15 27 33 37 39,31,0,True,はずれ,0.648704,loto6_heuristic_ensemble,37,2031,0
2032,2025-09-08,4,02 17 21 31 34 36,08 15 27 33 37 39,31,0,True,はずれ,0.648037,loto6_heuristic_ensemble,37,2031,0
2032,2025-09-08,5,07 17 21 26 28 36,08 15 27 33 37 39,31,0,False,はずれ,0.647778,loto6_heuristic_ensemble,37,2031,0
2033,2025-09-11,1,02 17 21 26 31 36,05 16 21 22 33 35,26,1,True,はずれ,0.663873,loto6_heuristic_ensemble,38,2032,0
2033,2025-09-11,2,02 17 21 28 31 36,05 16 21 22 33 35,26,1,False,はずれ,0.656508,loto6_heuristic_ensemble,38,2032,0
2033,2025-09-11,3,02 17 21 24 31 36,05 16 21 22 33 35,26,1,False,はずれ,0.656407,loto6_heuristic_ensemble,38,2032,0
2033,2025-09-11,4,02 17 21 31 34 36,05 16 21 22 33 35,26,1,False,はずれ,0.654365,loto6_heuristic_ensemble,38,2032,0
2033,2025-09-11,5,07 17 21 26 28 36,05 16 21 22 33 35,26,1,True,はずれ,0.654243,loto6_heuristic_ensemble,38,2032,0
2034,2025-09-15,1,02 17 21 26 31 36,02 13 22 25 35 37,17,1,True,はずれ,0.672217,loto6_heuristic_ensemble,39,2033,0
2034,2025-09-15,2,05 17 21 26 28 36,02 13 22 25 35 37,17,0,True,はずれ,0.665683,loto6_heuristic_ensemble,39,2033,0
2034,2025-09-15,3,02 17 21 28 31 36,02 13 22 25 35 37,17,1,True,はずれ,0.664937,loto6_heuristic_ensemble,39,2033,0
2034,2025-09-15,4,02 17 21 24 31 36,02 13 22 25 35 37,17,1,True,はずれ,0.664559,loto6_heuristic_ensemble,39,2033,0
2034,2025-09-15,5,02 17 21 31 34 36,02 13 22 25 35 37,17,1,True,はずれ,0.662731,loto6_heuristic_ensemble,39,2033,0
2035,2025-09-18,1,02 17 21 26 31 36,05 10 12 17 21 35,09,2,False,はずれ,0.685574,loto6_heuristic_ensemble,40,2034,0
2035,2025-09-18,2,02 17 21 24 31 36,05 10 12 17 21 35,09,2,False,はずれ,0.679037,loto6_heuristic_ensemble,40,2034,0
2035,2025-09-18,3,02 17 21 28 31 36,05 10 12 17 21 35,09,2,False,はずれ,0.677796,loto6_heuristic_ensemble,40,2034,0
2035,2025-09-18,4,02 17 21 31 34 36,05 10 12 17 21 35,09,2,False,はずれ,0.675963,loto6_heuristic_ensemble,40,2034,0
2035,2025-09-18,5,02 16 21 29 31 36,05 10 12 17 21 35,09,1,False,はずれ,0.673741,loto6_heuristic_ensemble,40,2034,0
2036,2025-09-22,1,02 17 21 26 31 36,07 10 17 26 35 42,33,2,False,はずれ,0.695819,loto6_heuristic_ensemble,41,2035,0
2036,2025-09-22,2,02 17 21 24 31 36,07 10 17 26 35 42,33,1,False,はずれ,0.689022,loto6_heuristic_ensemble,41,2035,0
2036,2025-09-22,3,02 17 21 28 31 36,07 10 17 26 35 42,33,1,False,はずれ,0.688157,loto6_heuristic_ensemble,41,2035,0
2036,2025-09-22,4,02 17 21 31 34 36,07 10 17 26 35 42,33,1,False,はずれ,0.686237,loto6_heuristic_ensemble,41,2035,0
2036,2025-09-22,5,02 16 21 29 31 36,07 10 17 26 35 42,33,0,False,はずれ,0.683813,loto6_heuristic_ensemble,41,2035,0
2037,2025-09-25,1,02 17 21 26 31 36,07 12 20 23 27 29,10,0,False,はずれ,0.71,loto6_heuristic_ensemble,42,2036,0
2037,2025-09-25,2,05 17 21 26 28 36,07 12 20 23 27 29,10,0,False,はずれ,0.709259,loto6_heuristic_ensemble,42,2036,0
2037,2025-09-25,3,02 17 21 26 35 36,07 12 20 23 27 29,10,0,False,はずれ,0.707296,loto6_heuristic_ensemble,42,2036,0
2037,2025-09-25,4,07 17 21 26 28 36,07 12 20 23 27 29,10,1,False,はずれ,0.703704,loto6_heuristic_ensemble,42,2036,0
2037,2025-09-25,5,05 17 21 26 34 36,07 12 20 23 27 29,10,0,False,はずれ,0.701926,loto6_heuristic_ensemble,42,2036,0
2038,2025-09-29,1,07 17 21 26 28 36,05 31 37 39 41 42,33,0,False,はずれ,0.714296,loto6_heuristic_ensemble,43,2037,0
2038,2025-09-29,2,02 17 21 26 31 36,05 31 37 39 41 42,33,1,False,はずれ,0.713457,loto6_heuristic_ensemble,43,2037,0
2038,2025-09-29,3,05 17 21 26 28 36,05 31 37 39 41 42,33,1,False,はずれ,0.712765,loto6_heuristic_ensemble,43,2037,0
2038,2025-09-29,4,02 17 21 26 35 36,05 31 37 39 41 42,33,0,False,はずれ,0.710926,loto6_heuristic_ensemble,43,2037,0
2038,2025-09-29,5,07 17 21 26 34 36,05 31 37 39 41 42,33,0,False,はずれ,0.709556,loto6_heuristic_ensemble,43,2037,0
2039,2025-10-02,1,02 05 17 21 36 42,02 15 25 27 38 42,22,2,False,はずれ,0.727339,loto6_heuristic_ensemble,44,2038,0
2039,2025-10-02,2,02 07 17 21 36 42,02 15 25 27 38 42,22,2,False,はずれ,0.724847,loto6_heuristic_ensemble,44,2038,0
2039,2025-10-02,3,05 17 21 26 28 36,02 15 25 27 38 42,22,0,False,はずれ,0.721868,loto6_heuristic_ensemble,44,2038,0
2039,2025-10-02,4,02 17 21 26 31 36,02 15 25 27 38 42,22,1,False,はずれ,0.718799,loto6_heuristic_ensemble,44,2038,0
2039,2025-10-02,5,07 17 21 26 28 36,02 15 25 27 38 42,22,0,False,はずれ,0.717598,loto6_heuristic_ensemble,44,2038,0
2040,2025-10-06,1,02 05 17 21 36 42,07 12 14 15 24 30,32,0,False,はずれ,0.74505,loto6_heuristic_ensemble,45,2039,0
2040,2025-10-06,2,02 07 17 21 36 42,07 12 14 15 24 30,32,1,False,はずれ,0.742536,loto6_heuristic_ensemble,45,2039,0
2040,2025-10-06,3,02 17 21 31 36 42,07 12 14 15 24 30,32,0,False,はずれ,0.730828,loto6_heuristic_ensemble,45,2039,0
2040,2025-10-06,4,05 17 21 26 36 42,07 12 14 15 24 30,32,0,False,はずれ,0.727436,loto6_heuristic_ensemble,45,2039,0
2040,2025-10-06,5,02 17 21 26 31 36,07 12 14 15 24 30,32,0,False,はずれ,0.726695,loto6_heuristic_ensemble,45,2039,0
2041,2025-10-09,1,02 07 17 21 36 42,04 19 22 24 32 38,11,0,False,はずれ,0.751615,loto6_heuristic_ensemble,46,2040,0
2041,2025-10-09,2,07 12 17 21 36 42,04 19 22 24 32 38,11,0,False,はずれ,0.750741,loto6_heuristic_ensemble,46,2040,0
2041,2025-10-09,3,02 05 17 21 36 42,04 19 22 24 32 38,11,0,False,はずれ,0.748178,loto6_heuristic_ensemble,46,2040,0
2041,2025-10-09,4,05 07 12 21 36 42,04 19 22 24 32 38,11,0,False,はずれ,0.737585,loto6_heuristic_ensemble,46,2040,0
2041,2025-10-09,5,07 17 21 26 36 42,04 19 22 24 32 38,11,0,False,はずれ,0.73483,loto6_heuristic_ensemble,46,2040,0
2042,2025-10-13,1,02 07 17 21 36 42,09 14 29 38 41 43,12,0,False,はずれ,0.752652,loto6_heuristic_ensemble,47,2041,0
2042,2025-10-13,2,07 12 17 21 36 42,09 14 29 38 41 43,12,0,True,はずれ,0.749871,loto6_heuristic_ensemble,47,2041,0
2042,2025-10-13,3,02 05 17 21 36 42,09 14 29 38 41 43,12,0,False,はずれ,0.748215,loto6_heuristic_ensemble,47,2041,0
2042,2025-10-13,4,05 07 12 21 36 42,09 14 29 38 41 43,12,0,True,はずれ,0.736753,loto6_heuristic_ensemble,47,2041,0
2042,2025-10-13,5,02 17 21 31 36 42,09 14 29 38 41 43,12,0,False,はずれ,0.733993,loto6_heuristic_ensemble,47,2041,0
2043,2025-10-16,1,02 07 17 21 36 42,11 19 22 34 40 42,31,1,False,はずれ,0.767661,loto6_heuristic_ensemble,48,2042,0
2043,2025-10-16,2,07 12 17 21 36 42,11 19 22 34 40 42,31,1,False,はずれ,0.764526,loto6_heuristic_ensemble,48,2042,0
2043,2025-10-16,3,02 05 17 21 36 42,11 19 22 34 40 42,31,1,False,はずれ,0.76393,loto6_heuristic_ensemble,48,2042,0
2043,2025-10-16,4,05 07 12 21 36 42,11 19 22 34 40 42,31,1,False,はずれ,0.750702,loto6_heuristic_ensemble,48,2042,0
2043,2025-10-16,5,07 17 21 26 36 42,11 19 22 34 40 42,31,1,False,はずれ,0.749953,loto6_heuristic_ensemble,48,2042,0
2044,2025-10-20,1,02 07 17 21 36 42,01 06 11 26 33 40,14,0,False,はずれ,0.776556,loto6_heuristic_ensemble,49,2043,0
2044,2025-10-20,2,07 12 17 21 36 42,01 06 11 26 33 40,14,0,False,はずれ,0.773467,loto6_heuristic_ensemble,49,2043,0
2044,2025-10-20,3,02 05 17 21 36 42,01 06 11 26 33 40,14,0,False,はずれ,0.772733,loto6_heuristic_ensemble,49,2043,0
2044,2025-10-20,4,05 07 12 21 36 42,01 06 11 26 33 40,14,0,False,はずれ,0.759733,loto6_heuristic_ensemble,49,2043,0
2044,2025-10-20,5,07 17 21 26 36 42,01 06 11 26 33 40,14,1,False,はずれ,0.758711,loto6_heuristic_ensemble,49,2043,0
2045,2025-10-23,1,02 07 17 21 36 42,01 04 07 12 16 28,19,1,False,はずれ,0.788026,loto6_heuristic_ensemble,50,2044,0
2045,2025-10-23,2,07 12 17 21 36 42,01 04 07 12 16 28,19,2,False,はずれ,0.784784,loto6_heuristic_ensemble,50,2044,0
2045,2025-10-23,3,02 05 17 21 36 42,01 04 07 12 16 28,19,0,False,はずれ,0.78451,loto6_heuristic_ensemble,50,2044,0
2045,2025-10-23,4,07 17 21 26 36 42,01 04 07 12 16 28,19,1,False,はずれ,0.77115,loto6_heuristic_ensemble,50,2044,0
2045,2025-10-23,5,05 07 12 21 36 42,01 04 07 12 16 28,19,2,False,はずれ,0.770745,loto6_heuristic_ensemble,50,2044,0
2046,2025-10-27,1,07 12 17 21 36 42,02 05 10 22 25 38,14,0,False,はずれ,0.753407,loto6_heuristic_ensemble,51,2045,0
2046,2025-10-27,2,02 07 17 21 36 42,02 05 10 22 25 38,14,1,False,はずれ,0.749111,loto6_heuristic_ensemble,51,2045,0
2046,2025-10-27,3,02 05 17 21 36 42,02 05 10 22 25 38,14,2,False,はずれ,0.743556,loto6_heuristic_ensemble,51,2045,0
2046,2025-10-27,4,05 07 12 21 36 42,02 05 10 22 25 38,14,1,False,はずれ,0.739481,loto6_heuristic_ensemble,51,2045,0
2046,2025-10-27,5,07 17 21 26 36 42,02 05 10 22 25 38,14,0,False,はずれ,0.733481,loto6_heuristic_ensemble,51,2045,0
2047,2025-10-30,1,07 12 17 21 36 42,10 11 16 19 37 39,27,0,False,はずれ,0.757057,loto6_heuristic_ensemble,52,2046,0
2047,2025-10-30,2,02 07 17 21 36 42,10 11 16 19 37 39,27,0,False,はずれ,0.753774,loto6_heuristic_ensemble,52,2046,0
2047,2025-10-30,3,02 05 17 21 36 42,10 11 16 19 37 39,27,0,False,はずれ,0.750936,loto6_heuristic_ensemble,52,2046,0
2047,2025-10-30,4,05 07 12 21 36 42,10 11 16 19 37 39,27,0,False,はずれ,0.743637,loto6_heuristic_ensemble,52,2046,0
2047,2025-10-30,5,07 17 21 26 36 42,10 11 16 19 37 39,27,0,False,はずれ,0.73708,loto6_heuristic_ensemble,52,2046,0
2048,2025-11-03,1,07 12 17 21 36 42,08 13 18 32 37 43,27,0,False,はずれ,0.760341,loto6_heuristic_ensemble,53,2047,0
2048,2025-11-03,2,02 07 17 21 36 42,08 13 18 32 37 43,27,0,False,はずれ,0.757104,loto6_heuristic_ensemble,53,2047,0
2048,2025-11-03,3,02 05 17 21 36 42,08 13 18 32 37 43,27,0,False,はずれ,0.754311,loto6_heuristic_ensemble,53,2047,0
2048,2025-11-03,4,05 07 12 21 36 42,08 13 18 32 37 43,27,0,False,はずれ,0.747378,loto6_heuristic_ensemble,53,2047,0
2048,2025-11-03,5,05 07 16 21 36 42,08 13 18 32 37 43,27,0,False,はずれ,0.744756,loto6_heuristic_ensemble,53,2047,0
2049,2025-11-06,1,07 12 17 21 36 42,10 24 25 39 40 42,19,1,False,はずれ,0.764,loto6_heuristic_ensemble,54,2048,0
2049,2025-11-06,2,02 07 17 21 36 42,10 24 25 39 40 42,19,1,False,はずれ,0.762593,loto6_heuristic_ensemble,54,2048,0
2049,2025-11-06,3,02 05 17 21 36 42,10 24 25 39 40 42,19,1,False,はずれ,0.758741,loto6_heuristic_ensemble,54,2048,0
2049,2025-11-06,4,05 07 12 21 36 42,10 24 25 39 40 42,19,1,False,はずれ,0.751037,loto6_heuristic_ensemble,54,2048,0
2049,2025-11-06,5,05 07 16 21 36 42,10 24 25 39 40 42,19,1,False,はずれ,0.748222,loto6_heuristic_ensemble,54,2048,0
2050,2025-11-10,1,07 10 17 21 36 42,06 11 15 21 25 32,05,1,False,はずれ,0.77117,loto6_heuristic_ensemble,55,2049,0
2050,2025-11-10,2,07 12 17 21 36 42,06 11 15 21 25 32,05,1,False,はずれ,0.76993,loto6_heuristic_ensemble,55,2049,0
2050,2025-11-10,3,02 07 17 21 36 42,06 11 15 21 25 32,05,1,False,はずれ,0.768573,loto6_heuristic_ensemble,55,2049,0
2050,2025-11-10,4,02 05 17 21 36 42,06 11 15 21 25 32,05,1,True,はずれ,0.764772,loto6_heuristic_ensemble,55,2049,0
2050,2025-11-10,5,05 07 12 21 36 42,06 11 15 21 25 32,05,1,True,はずれ,0.757474,loto6_heuristic_ensemble,55,2049,0
2051,2025-11-13,1,07 10 17 21 36 42,03 15 27 28 31 39,20,0,False,はずれ,0.763565,loto6_heuristic_ensemble,56,2050,0
2051,2025-11-13,2,02 07 17 21 36 42,03 15 27 28 31 39,20,0,False,はずれ,0.763308,loto6_heuristic_ensemble,56,2050,0
2051,2025-11-13,3,07 12 17 21 36 42,03 15 27 28 31 39,20,0,False,はずれ,0.762143,loto6_heuristic_ensemble,56,2050,0
2051,2025-11-13,4,05 07 17 22 36 42,03 15 27 28 31 39,20,0,False,はずれ,0.756743,loto6_heuristic_ensemble,56,2050,0
2051,2025-11-13,5,02 07 17 29 36 42,03 15 27 28 31 39,20,0,False,はずれ,0.751765,loto6_heuristic_ensemble,56,2050,0
2052,2025-11-17,1,07 10 17 21 36 42,01 03 18 25 30 34,10,0,True,はずれ,0.766825,loto6_heuristic_ensemble,57,2051,0
2052,2025-11-17,2,02 07 17 21 36 42,01 03 18 25 30 34,10,0,False,はずれ,0.766444,loto6_heuristic_ensemble,57,2051,0
2052,2025-11-17,3,07 12 17 21 36 42,01 03 18 25 30 34,10,0,False,はずれ,0.765238,loto6_heuristic_ensemble,57,2051,0
2052,2025-11-17,4,05 07 17 22 36 42,01 03 18 25 30 34,10,0,False,はずれ,0.759714,loto6_heuristic_ensemble,57,2051,0
2052,2025-11-17,5,05 07 12 21 36 42,01 03 18 25 30 34,10,0,False,はずれ,0.754889,loto6_heuristic_ensemble,57,2051,0
2053,2025-11-20,1,07 10 17 21 36 42,20 28 31 35 37 41,13,0,False,はずれ,0.769789,loto6_heuristic_ensemble,58,2052,0
2053,2025-11-20,2,02 07 17 21 36 42,20 28 31 35 37 41,13,0,False,はずれ,0.769296,loto6_heuristic_ensemble,58,2052,0
2053,2025-11-20,3,07 12 17 21 36 42,20 28 31 35 37 41,13,0,False,はずれ,0.768052,loto6_heuristic_ensemble,58,2052,0
2053,2025-11-20,4,05 07 17 22 36 42,20 28 31 35 37 41,13,0,False,はずれ,0.762416,loto6_heuristic_ensemble,58,2052,0
2053,2025-11-20,5,05 07 12 21 36 42,20 28 31 35 37 41,13,0,False,はずれ,0.758078,loto6_heuristic_ensemble,58,2052,0
2054,2025-11-24,1,07 10 17 21 36 42,01 14 27 30 33 37,23,0,False,はずれ,0.772496,loto6_heuristic_ensemble,59,2053,0
2054,2025-11-24,2,02 07 17 21 36 42,01 14 27 30 33 37,23,0,False,はずれ,0.771899,loto6_heuristic_ensemble,59,2053,0
2054,2025-11-24,3,07 12 17 21 36 42,01 14 27 30 33 37,23,0,False,はずれ,0.770621,loto6_heuristic_ensemble,59,2053,0
2054,2025-11-24,4,05 07 17 22 36 42,01 14 27 30 33 37,23,0,False,はずれ,0.764882,loto6_heuristic_ensemble,59,2053,0
2054,2025-11-24,5,05 07 17 28 36 42,01 14 27 30 33 37,23,0,False,はずれ,0.762273,loto6_heuristic_ensemble,59,2053,0
2055,2025-11-27,1,07 10 17 21 36 42,11 12 14 17 21 26,02,2,False,はずれ,0.774976,loto6_heuristic_ensemble,60,2054,0
2055,2025-11-27,2,02 07 17 21 36 42,11 12 14 17 21 26,02,2,True,はずれ,0.774286,loto6_heuristic_ensemble,60,2054,0
2055,2025-11-27,3,07 12 17 21 36 42,11 12 14 17 21 26,02,3,False,5等,0.772976,loto6_heuristic_ensemble,60,2054,1000
2055,2025-11-27,4,01 07 17 28 36 42,11 12 14 17 21 26,02,1,False,はずれ,0.768437,loto6_heuristic_ensemble,60,2054,0
2055,2025-11-27,5,05 07 17 22 36 42,11 12 14 17 21 26,02,1,False,はずれ,0.767143,loto6_heuristic_ensemble,60,2054,0
2056,2025-12-01,1,07 12 17 21 36 42,03 07 15 17 19 30,38,2,False,はずれ,0.73976,loto6_heuristic_ensemble,61,2055,0
2056,2025-12-01,2,07 10 17 21 36 42,03 07 15 17 19 30,38,2,False,はずれ,0.734809,loto6_heuristic_ensemble,61,2055,0
2056,2025-12-01,3,02 07 17 21 36 42,03 07 15 17 19 30,38,2,False,はずれ,0.731556,loto6_heuristic_ensemble,61,2055,0
2056,2025-12-01,4,05 07 12 21 36 42,03 07 15 17 19 30,38,1,False,はずれ,0.728667,loto6_heuristic_ensemble,61,2055,0
2056,2025-12-01,5,02 05 17 21 36 42,03 07 15 17 19 30,38,1,False,はずれ,0.727973,loto6_heuristic_ensemble,61,2055,0
2057,2025-12-04,1,07 12 17 21 36 42,05 07 21 22 38 41,24,2,False,はずれ,0.754667,loto6_heuristic_ensemble,62,2056,0
2057,2025-12-04,2,07 10 17 21 36 42,05 07 21 22 38 41,24,2,False,はずれ,0.749556,loto6_heuristic_ensemble,62,2056,0
2057,2025-12-04,3,02 07 17 21 36 42,05 07 21 22 38 41,24,2,False,はずれ,0.746222,loto6_heuristic_ensemble,62,2056,0
2057,2025-12-04,4,07 10 12 21 35 42,05 07 21 22 38 41,24,2,False,はずれ,0.735778,loto6_heuristic_ensemble,62,2056,0
2057,2025-12-04,5,07 17 21 26 36 42,05 07 21 22 38 41,24,2,False,はずれ,0.733778,loto6_heuristic_ensemble,62,2056,0
2058,2025-12-08,1,07 12 17 21 36 42,09 12 14 16 19 42,18,2,False,はずれ,0.733358,loto6_heuristic_ensemble,63,2057,0
2058,2025-12-08,2,07 10 17 21 36 42,09 12 14 16 19 42,18,1,False,はずれ,0.729062,loto6_heuristic_ensemble,63,2057,0
2058,2025-12-08,3,02 07 17 21 36 42,09 12 14 16 19 42,18,1,False,はずれ,0.723728,loto6_heuristic_ensemble,63,2057,0
2058,2025-12-08,4,05 07 12 21 36 42,09 12 14 16 19 42,18,2,False,はずれ,0.718049,loto6_heuristic_ensemble,63,2057,0
2058,2025-12-08,5,07 10 12 21 35 42,09 12 14 16 19 42,18,2,False,はずれ,0.715827,loto6_heuristic_ensemble,63,2057,0
2059,2025-12-11,1,07 12 17 21 36 42,02 13 26 28 38 43,03,0,False,はずれ,0.746847,loto6_heuristic_ensemble,64,2058,0
2059,2025-12-11,2,07 10 17 21 36 42,02 13 26 28 38 43,03,0,False,はずれ,0.733899,loto6_heuristic_ensemble,64,2058,0
2059,2025-12-11,3,05 07 12 21 36 42,02 13 26 28 38 43,03,0,False,はずれ,0.731561,loto6_heuristic_ensemble,64,2058,0
2059,2025-12-11,4,07 10 12 21 35 42,02 13 26 28 38 43,03,0,False,はずれ,0.729683,loto6_heuristic_ensemble,64,2058,0
2059,2025-12-11,5,02 07 17 21 36 42,02 13 26 28 38 43,03,1,False,はずれ,0.728497,loto6_heuristic_ensemble,64,2058,0
2060,2025-12-15,1,07 12 17 21 36 42,08 16 22 40 41 42,10,1,False,はずれ,0.74975,loto6_heuristic_ensemble,65,2059,0
2060,2025-12-15,2,07 10 17 21 36 42,08 16 22 40 41 42,10,1,True,はずれ,0.73661,loto6_heuristic_ensemble,65,2059,0
2060,2025-12-15,3,05 07 12 21 36 42,08 16 22 40 41 42,10,1,False,はずれ,0.734485,loto6_heuristic_ensemble,65,2059,0
2060,2025-12-15,4,07 10 12 21 35 42,08 16 22 40 41 42,10,1,True,はずれ,0.732927,loto6_heuristic_ensemble,65,2059,0
2060,2025-12-15,5,02 07 17 21 36 42,08 16 22 40 41 42,10,1,False,はずれ,0.731078,loto6_heuristic_ensemble,65,2059,0
2061,2025-12-18,1,07 12 17 21 36 42,05 06 13 21 33 34,40,1,False,はずれ,0.759007,loto6_heuristic_ensemble,66,2060,0
2061,2025-12-18,2,07 12 16 21 35 42,05 06 13 21 33 34,40,1,False,はずれ,0.748,loto6_heuristic_ensemble,66,2060,0
2061,2025-12-18,3,07 10 17 21 36 42,05 06 13 21 33 34,40,1,False,はずれ,0.745689,loto6_heuristic_ensemble,66,2060,0
2061,2025-12-18,4,05 07 12 21 36 42,05 06 13 21 33 34,40,2,False,はずれ,0.743763,loto6_heuristic_ensemble,66,2060,0
2061,2025-12-18,5,07 12 16 21 31 42,05 06 13 21 33 34,40,1,False,はずれ,0.743111,loto6_heuristic_ensemble,66,2060,0
2062,2025-12-22,1,07 12 17 21 36 42,01 09 18 24 35 42,08,1,False,はずれ,0.730069,loto6_heuristic_ensemble,67,2061,0
2062,2025-12-22,2,05 07 12 21 36 42,01 09 18 24 35 42,08,1,False,はずれ,0.722206,loto6_heuristic_ensemble,67,2061,0
2062,2025-12-22,3,05 07 16 21 36 42,01 09 18 24 35 42,08,1,False,はずれ,0.720199,loto6_heuristic_ensemble,67,2061,0
2062,2025-12-22,4,07 12 16 21 35 42,01 09 18 24 35 42,08,2,False,はずれ,0.718794,loto6_heuristic_ensemble,67,2061,0
2062,2025-12-22,5,07 12 16 21 31 42,01 09 18 24 35 42,08,1,False,はずれ,0.713905,loto6_heuristic_ensemble,67,2061,0
2063,2025-12-25,1,07 12 17 21 36 42,04 28 29 30 38 42,15,1,False,はずれ,0.7384,loto6_heuristic_ensemble,68,2062,0
2063,2025-12-25,2,07 12 16 21 35 42,04 28 29 30 38 42,15,1,False,はずれ,0.732322,loto6_heuristic_ensemble,68,2062,0
2063,2025-12-25,3,05 07 12 21 36 42,04 28 29 30 38 42,15,1,False,はずれ,0.730625,loto6_heuristic_ensemble,68,2062,0
2063,2025-12-25,4,05 12 17 21 36 42,04 28 29 30 38 42,15,1,False,はずれ,0.728856,loto6_heuristic_ensemble,68,2062,0
2063,2025-12-25,5,05 07 16 21 36 42,04 28 29 30 38 42,15,1,False,はずれ,0.728653,loto6_heuristic_ensemble,68,2062,0
2064,2025-12-29,1,07 12 17 21 36 42,02 07 24 37 39 41,03,1,False,はずれ,0.715657,loto6_heuristic_ensemble,69,2063,0
2064,2025-12-29,2,07 12 16 21 35 42,02 07 24 37 39 41,03,1,False,はずれ,0.708909,loto6_heuristic_ensemble,69,2063,0
2064,2025-12-29,3,05 07 12 21 36 42,02 07 24 37 39 41,03,1,False,はずれ,0.707333,loto6_heuristic_ensemble,69,2063,0
2064,2025-12-29,4,05 12 17 21 36 42,02 07 24 37 39 41,03,0,False,はずれ,0.706808,loto6_heuristic_ensemble,69,2063,0
2064,2025-12-29,5,07 10 12 21 35 42,02 07 24 37 39 41,03,1,False,はずれ,0.705636,loto6_heuristic_ensemble,69,2063,0
2065,2026-01-05,1,07 12 17 21 36 42,06 18 21 31 37 40,03,1,False,はずれ,0.720631,loto6_heuristic_ensemble,70,2064,0
2065,2026-01-05,2,07 12 16 21 35 42,06 18 21 31 37 40,03,1,False,はずれ,0.71444,loto6_heuristic_ensemble,70,2064,0
2065,2026-01-05,3,05 07 12 21 36 42,06 18 21 31 37 40,03,1,False,はずれ,0.712385,loto6_heuristic_ensemble,70,2064,0
2065,2026-01-05,4,07 12 21 24 35 42,06 18 21 31 37 40,03,1,False,はずれ,0.711512,loto6_heuristic_ensemble,70,2064,0
2065,2026-01-05,5,05 07 16 21 36 42,06 18 21 31 37 40,03,1,False,はずれ,0.710477,loto6_heuristic_ensemble,70,2064,0
2066,2026-01-08,1,07 12 17 21 36 42,08 28 30 32 37 38,05,0,False,はずれ,0.727167,loto6_heuristic_ensemble,71,2065,0
2066,2026-01-08,2,07 12 16 21 35 42,08 28 30 32 37 38,05,0,False,はずれ,0.7215,loto6_heuristic_ensemble,71,2065,0
2066,2026-01-08,3,05 07 12 21 36 42,08 28 30 32 37 38,05,0,True,はずれ,0.718994,loto6_heuristic_ensemble,71,2065,0
2066,2026-01-08,4,07 12 21 24 35 42,08 28 30 32 37 38,05,0,False,はずれ,0.71863,loto6_heuristic_ensemble,71,2065,0
2066,2026-01-08,5,05 07 12 21 40 42,08 28 30 32 37 38,05,0,True,はずれ,0.717741,loto6_heuristic_ensemble,71,2065,0
2067,2026-01-12,1,07 12 17 21 36 42,03 04 12 15 32 42,31,2,False,はずれ,0.720489,loto6_heuristic_ensemble,72,2066,0
2067,2026-01-12,2,07 12 21 28 31 42,03 04 12 15 32 42,31,2,True,はずれ,0.717222,loto6_heuristic_ensemble,72,2066,0
2067,2026-01-12,3,07 12 16 21 35 42,03 04 12 15 32 42,31,2,False,はずれ,0.716578,loto6_heuristic_ensemble,72,2066,0
2067,2026-01-12,4,07 12 21 24 35 42,03 04 12 15 32 42,31,2,False,はずれ,0.713763,loto6_heuristic_ensemble,72,2066,0
2067,2026-01-12,5,05 07 12 21 36 42,03 04 12 15 32 42,31,2,False,はずれ,0.713015,loto6_heuristic_ensemble,72,2066,0
2068,2026-01-15,1,07 12 17 21 36 42,02 10 13 14 29 33,32,0,False,はずれ,0.691362,loto6_heuristic_ensemble,73,2067,0
2068,2026-01-15,2,07 12 21 28 31 42,02 10 13 14 29 33,32,0,False,はずれ,0.688681,loto6_heuristic_ensemble,73,2067,0
2068,2026-01-15,3,07 12 16 21 35 42,02 10 13 14 29 33,32,0,False,はずれ,0.68792,loto6_heuristic_ensemble,73,2067,0
2068,2026-01-15,4,07 12 21 24 35 42,02 10 13 14 29 33,32,0,False,はずれ,0.685157,loto6_heuristic_ensemble,73,2067,0
2068,2026-01-15,5,05 07 12 21 40 42,02 10 13 14 29 33,32,0,False,はずれ,0.684268,loto6_heuristic_ensemble,73,2067,0
2069,2026-01-19,1,07 12 17 21 36 42,06 17 23 27 33 35,04,1,False,はずれ,0.693446,loto6_heuristic_ensemble,74,2068,0
2069,2026-01-19,2,07 12 21 28 31 42,06 17 23 27 33 35,04,0,False,はずれ,0.691319,loto6_heuristic_ensemble,74,2068,0
2069,2026-01-19,3,07 12 16 21 35 42,06 17 23 27 33 35,04,1,False,はずれ,0.690447,loto6_heuristic_ensemble,74,2068,0
2069,2026-01-19,4,07 12 21 24 35 42,06 17 23 27 33 35,04,1,False,はずれ,0.687733,loto6_heuristic_ensemble,74,2068,0
2069,2026-01-19,5,05 07 12 21 40 42,06 17 23 27 33 35,04,0,False,はずれ,0.686844,loto6_heuristic_ensemble,74,2068,0
2070,2026-01-22,1,07 12 16 21 35 42,06 10 25 30 34 36,12,0,True,はずれ,0.696667,loto6_heuristic_ensemble,75,2069,0
2070,2026-01-22,2,07 12 17 21 36 42,06 10 25 30 34 36,12,1,True,はずれ,0.696578,loto6_heuristic_ensemble,75,2069,0
2070,2026-01-22,3,07 12 21 24 35 42,06 10 25 30 34 36,12,0,True,はずれ,0.694,loto6_heuristic_ensemble,75,2069,0
2070,2026-01-22,4,07 12 21 28 31 42,06 10 25 30 34 36,12,0,True,はずれ,0.693822,loto6_heuristic_ensemble,75,2069,0
2070,2026-01-22,5,02 07 12 21 35 42,06 10 25 30 34 36,12,0,True,はずれ,0.692578,loto6_heuristic_ensemble,75,2069,0
2071,2026-01-26,1,07 12 16 21 35 42,15 24 29 32 33 35,14,1,False,はずれ,0.715438,loto6_heuristic_ensemble,76,2070,0
2071,2026-01-26,2,07 12 21 28 31 42,15 24 29 32 33 35,14,0,False,はずれ,0.711443,loto6_heuristic_ensemble,76,2070,0
2071,2026-01-26,3,07 12 21 24 35 42,15 24 29 32 33 35,14,2,False,はずれ,0.710471,loto6_heuristic_ensemble,76,2070,0
2071,2026-01-26,4,05 07 12 21 40 42,15 24 29 32 33 35,14,0,False,はずれ,0.709786,loto6_heuristic_ensemble,76,2070,0
2071,2026-01-26,5,07 12 16 21 31 42,15 24 29 32 33 35,14,0,False,はずれ,0.707694,loto6_heuristic_ensemble,76,2070,0
2072,2026-01-29,1,07 12 16 21 35 42,08 18 24 36 40 42,43,1,False,はずれ,0.724637,loto6_heuristic_ensemble,77,2071,0
2072,2026-01-29,2,07 12 21 24 35 42,08 18 24 36 40 42,43,2,False,はずれ,0.722756,loto6_heuristic_ensemble,77,2071,0
2072,2026-01-29,3,02 07 12 21 35 42,08 18 24 36 40 42,43,1,False,はずれ,0.7164,loto6_heuristic_ensemble,77,2071,0
2072,2026-01-29,4,05 12 16 21 35 42,08 18 24 36 40 42,43,1,False,はずれ,0.716326,loto6_heuristic_ensemble,77,2071,0
2072,2026-01-29,5,07 12 21 28 31 42,08 18 24 36 40 42,43,1,False,はずれ,0.715748,loto6_heuristic_ensemble,77,2071,0
2073,2026-02-02,1,07 12 21 24 35 42,02 12 14 24 26 29,08,2,False,はずれ,0.70734,loto6_heuristic_ensemble,78,2072,0
2073,2026-02-02,2,07 12 16 21 35 42,02 12 14 24 26 29,08,1,False,はずれ,0.701237,loto6_heuristic_ensemble,78,2072,0
2073,2026-02-02,3,02 07 21 24 35 42,02 12 14 24 26 29,08,2,False,はずれ,0.698589,loto6_heuristic_ensemble,78,2072,0
2073,2026-02-02,4,07 12 21 24 31 42,02 12 14 24 26 29,08,2,False,はずれ,0.696652,loto6_heuristic_ensemble,78,2072,0
2073,2026-02-02,5,07 12 18 21 35 42,02 12 14 24 26 29,08,1,False,はずれ,0.69437,loto6_heuristic_ensemble,78,2072,0
2074,2026-02-05,1,07 12 21 24 35 42,05 06 16 26 27 36,11,0,False,はずれ,0.720788,loto6_heuristic_ensemble,79,2073,0
2074,2026-02-05,2,02 07 21 24 35 42,05 06 16 26 27 36,11,0,False,はずれ,0.712949,loto6_heuristic_ensemble,79,2073,0
2074,2026-02-05,3,07 12 21 24 31 42,05 06 16 26 27 36,11,0,False,はずれ,0.709826,loto6_heuristic_ensemble,79,2073,0
2074,2026-02-05,4,07 12 21 24 29 42,05 06 16 26 27 36,11,0,False,はずれ,0.706085,loto6_heuristic_ensemble,79,2073,0
2074,2026-02-05,5,07 12 16 21 35 42,05 06 16 26 27 36,11,1,False,はずれ,0.706034,loto6_heuristic_ensemble,79,2073,0
2075,2026-02-09,1,07 12 21 24 35 42,07 10 14 16 35 37,11,2,False,はずれ,0.724915,loto6_heuristic_ensemble,80,2074,0
2075,2026-02-09,2,02 07 21 24 35 42,07 10 14 16 35 37,11,2,False,はずれ,0.717076,loto6_heuristic_ensemble,80,2074,0
2075,2026-02-09,3,07 12 21 24 31 42,07 10 14 16 35 37,11,1,False,はずれ,0.713706,loto6_heuristic_ensemble,80,2074,0
2075,2026-02-09,4,07 12 21 24 29 42,07 10 14 16 35 37,11,1,False,はずれ,0.710294,loto6_heuristic_ensemble,80,2074,0
2075,2026-02-09,5,01 12 21 24 35 42,07 10 14 16 35 37,11,1,False,はずれ,0.707293,loto6_heuristic_ensemble,80,2074,0
2076,2026-02-12,1,07 12 21 24 35 42,01 09 20 22 28 41,30,0,False,はずれ,0.741112,loto6_heuristic_ensemble,81,2075,0
2076,2026-02-12,2,07 12 16 21 35 42,01 09 20 22 28 41,30,0,False,はずれ,0.732147,loto6_heuristic_ensemble,81,2075,0
2076,2026-02-12,3,07 12 21 24 31 42,01 09 20 22 28 41,30,0,False,はずれ,0.725934,loto6_heuristic_ensemble,81,2075,0
2076,2026-02-12,4,01 12 21 24 35 42,01 09 20 22 28 41,30,1,False,はずれ,0.725187,loto6_heuristic_ensemble,81,2075,0
2076,2026-02-12,5,05 12 21 24 35 42,01 09 20 22 28 41,30,0,False,はずれ,0.722232,loto6_heuristic_ensemble,81,2075,0
2077,2026-02-16,1,07 12 21 24 35 42,17 18 23 24 26 43,10,1,False,はずれ,0.739474,loto6_heuristic_ensemble,82,2076,0
2077,2026-02-16,2,07 12 16 21 35 42,17 18 23 24 26 43,10,0,False,はずれ,0.729878,loto6_heuristic_ensemble,82,2076,0
2077,2026-02-16,3,02 07 21 24 35 42,17 18 23 24 26 43,10,1,False,はずれ,0.724199,loto6_heuristic_ensemble,82,2076,0
2077,2026-02-16,4,07 12 21 24 31 42,17 18 23 24 26 43,10,1,False,はずれ,0.723003,loto6_heuristic_ensemble,82,2076,0
2077,2026-02-16,5,07 16 21 24 35 42,17 18 23 24 26 43,10,1,False,はずれ,0.720045,loto6_heuristic_ensemble,82,2076,0
2078,2026-02-19,1,07 12 21 24 35 42,01 10 20 24 30 35,41,2,False,はずれ,0.745811,loto6_heuristic_ensemble,83,2077,0
2078,2026-02-19,2,07 12 14 21 35 42,01 10 20 24 30 35,41,1,False,はずれ,0.734971,loto6_heuristic_ensemble,83,2077,0
2078,2026-02-19,3,02 07 21 24 35 42,01 10 20 24 30 35,41,2,False,はずれ,0.730717,loto6_heuristic_ensemble,83,2077,0
2078,2026-02-19,4,07 10 12 21 35 42,01 10 20 24 30 35,41,2,False,はずれ,0.730526,loto6_heuristic_ensemble,83,2077,0
2078,2026-02-19,5,07 14 21 24 35 42,01 10 20 24 30 35,41,2,False,はずれ,0.730467,loto6_heuristic_ensemble,83,2077,0
2079,2026-02-23,1,07 12 21 24 35 42,05 11 15 17 24 39,31,1,False,はずれ,0.764073,loto6_heuristic_ensemble,84,2078,0
2079,2026-02-23,2,02 07 21 24 35 42,05 11 15 17 24 39,31,1,False,はずれ,0.749224,loto6_heuristic_ensemble,84,2078,0
2079,2026-02-23,3,07 10 21 24 35 42,05 11 15 17 24 39,31,1,False,はずれ,0.749193,loto6_heuristic_ensemble,84,2078,0
2079,2026-02-23,4,07 14 21 24 35 42,05 11 15 17 24 39,31,1,False,はずれ,0.749049,loto6_heuristic_ensemble,84,2078,0
2079,2026-02-23,5,07 10 12 21 35 42,05 11 15 17 24 39,31,0,False,はずれ,0.747968,loto6_heuristic_ensemble,84,2078,0
2080,2026-02-26,1,07 12 21 24 35 42,06 12 30 36 37 38,08,1,False,はずれ,0.770697,loto6_heuristic_ensemble,85,2079,0
2080,2026-02-26,2,02 07 21 24 35 42,06 12 30 36 37 38,08,0,False,はずれ,0.75667,loto6_heuristic_ensemble,85,2079,0
2080,2026-02-26,3,07 14 21 24 35 42,06 12 30 36 37 38,08,0,False,はずれ,0.75554,loto6_heuristic_ensemble,85,2079,0
2080,2026-02-26,4,07 10 21 24 35 42,06 12 30 36 37 38,08,0,False,はずれ,0.755459,loto6_heuristic_ensemble,85,2079,0
2080,2026-02-26,5,01 12 21 24 35 42,06 12 30 36 37 38,08,1,False,はずれ,0.752784,loto6_heuristic_ensemble,85,2079,0
2081,2026-03-02,1,07 12 21 24 35 42,14 31 32 37 41 42,22,1,False,はずれ,0.763549,loto6_heuristic_ensemble,86,2080,0
2081,2026-03-02,2,07 12 21 24 29 42,14 31 32 37 41 42,22,1,False,はずれ,0.748466,loto6_heuristic_ensemble,86,2080,0
2081,2026-03-02,3,07 10 21 24 35 42,14 31 32 37 41 42,22,1,False,はずれ,0.748034,loto6_heuristic_ensemble,86,2080,0
2081,2026-03-02,4,07 14 21 24 35 42,14 31 32 37 41 42,22,2,False,はずれ,0.747974,loto6_heuristic_ensemble,86,2080,0
2081,2026-03-02,5,07 12 21 24 31 42,14 31 32 37 41 42,22,2,False,はずれ,0.746443,loto6_heuristic_ensemble,86,2080,0
2082,2026-03-05,1,07 12 21 24 35 42,05 11 14 19 25 40,17,0,False,はずれ,0.728381,loto6_heuristic_ensemble,87,2081,0
2082,2026-03-05,2,07 14 21 24 35 42,05 11 14 19 25 40,17,1,False,はずれ,0.717257,loto6_heuristic_ensemble,87,2081,0
2082,2026-03-05,3,07 12 21 24 29 42,05 11 14 19 25 40,17,0,False,はずれ,0.713626,loto6_heuristic_ensemble,87,2081,0
2082,2026-03-05,4,07 10 21 24 35 42,05 11 14 19 25 40,17,0,False,はずれ,0.713296,loto6_heuristic_ensemble,87,2081,0
2082,2026-03-05,5,07 18 21 24 35 42,05 11 14 19 25 40,17,0,False,はずれ,0.710494,loto6_heuristic_ensemble,87,2081,0
2083,2026-03-09,1,07 12 21 24 35 42,08 10 13 17 26 29,43,0,False,はずれ,0.754555,loto6_heuristic_ensemble,88,2082,0
2083,2026-03-09,2,07 14 21 24 35 42,08 10 13 17 26 29,43,0,False,はずれ,0.747627,loto6_heuristic_ensemble,88,2082,0
2083,2026-03-09,3,07 12 21 24 29 42,08 10 13 17 26 29,43,1,False,はずれ,0.740282,loto6_heuristic_ensemble,88,2082,0
2083,2026-03-09,4,07 10 21 24 35 42,08 10 13 17 26 29,43,1,False,はずれ,0.739775,loto6_heuristic_ensemble,88,2082,0
2083,2026-03-09,5,07 18 21 24 35 42,08 10 13 17 26 29,43,0,False,はずれ,0.737239,loto6_heuristic_ensemble,88,2082,0
2084,2026-03-12,1,07 12 21 24 35 42,08 17 18 19 30 39,09,0,False,はずれ,0.753673,loto6_heuristic_ensemble,89,2083,0
2084,2026-03-12,2,07 14 21 24 35 42,08 17 18 19 30 39,09,0,False,はずれ,0.746858,loto6_heuristic_ensemble,89,2083,0
2084,2026-03-12,3,07 12 21 24 29 42,08 17 18 19 30 39,09,0,False,はずれ,0.740013,loto6_heuristic_ensemble,89,2083,0
2084,2026-03-12,4,07 18 21 24 35 42,08 17 18 19 30 39,09,1,False,はずれ,0.736166,loto6_heuristic_ensemble,89,2083,0
2084,2026-03-12,5,02 07 21 24 35 42,08 17 18 19 30 39,09,0,False,はずれ,0.735957,loto6_heuristic_ensemble,89,2083,0
2085,2026-03-16,1,07 12 21 24 35 42,06 08 13 26 35 43,14,1,False,はずれ,0.759916,loto6_heuristic_ensemble,90,2084,0
2085,2026-03-16,2,07 14 21 24 35 42,06 08 13 26 35 43,14,1,True,はずれ,0.753203,loto6_heuristic_ensemble,90,2084,0
2085,2026-03-16,3,07 12 21 24 29 42,06 08 13 26 35 43,14,0,False,はずれ,0.745307,loto6_heuristic_ensemble,90,2084,0
2085,2026-03-16,4,07 10 17 24 35 42,06 08 13 26 35 43,14,1,False,はずれ,0.74419,loto6_heuristic_ensemble,90,2084,0
2085,2026-03-16,5,02 07 21 24 35 42,06 08 13 26 35 43,14,1,False,はずれ,0.742655,loto6_heuristic_ensemble,90,2084,0
2086,2026-03-19,1,07 12 21 24 35 42,04 11 19 28 39 40,06,0,False,はずれ,0.759284,loto6_heuristic_ensemble,91,2085,0
2086,2026-03-19,2,07 14 21 24 35 42,04 11 19 28 39 40,06,0,False,はずれ,0.752662,loto6_heuristic_ensemble,91,2085,0
2086,2026-03-19,3,07 12 21 24 29 42,04 11 19 28 39 40,06,0,False,はずれ,0.745316,loto6_heuristic_ensemble,91,2085,0
2086,2026-03-19,4,07 10 17 24 35 42,04 11 19 28 39 40,06,0,False,はずれ,0.744469,loto6_heuristic_ensemble,91,2085,0
2086,2026-03-19,5,05 12 21 24 35 42,04 11 19 28 39 40,06,0,False,はずれ,0.742949,loto6_heuristic_ensemble,91,2085,0
2087,2026-03-23,1,07 12 21 24 35 42,07 10 15 18 26 39,13,1,False,はずれ,0.758087,loto6_heuristic_ensemble,92,2086,0
2087,2026-03-23,2,07 14 21 24 35 42,07 10 15 18 26 39,13,1,False,はずれ,0.751547,loto6_heuristic_ensemble,92,2086,0
2087,2026-03-23,3,05 12 21 24 35 42,07 10 15 18 26 39,13,0,False,はずれ,0.746532,loto6_heuristic_ensemble,92,2086,0
2087,2026-03-23,4,07 10 17 24 35 42,07 10 15 18 26 39,13,2,False,はずれ,0.744197,loto6_heuristic_ensemble,92,2086,0
2087,2026-03-23,5,07 12 21 24 29 42,07 10 15 18 26 39,13,1,False,はずれ,0.743987,loto6_heuristic_ensemble,92,2086,0
2088,2026-03-26,1,07 12 21 24 35 42,08 16 18 27 37 39,29,0,False,はずれ,0.748416,loto6_heuristic_ensemble,93,2087,0
2088,2026-03-26,2,07 12 21 24 39 42,08 16 18 27 37 39,29,1,False,はずれ,0.745754,loto6_heuristic_ensemble,93,2087,0
2088,2026-03-26,3,07 14 21 24 35 42,08 16 18 27 37 39,29,0,False,はずれ,0.741952,loto6_heuristic_ensemble,93,2087,0
2088,2026-03-26,4,05 12 21 24 35 42,08 16 18 27 37 39,29,0,False,はずれ,0.740821,loto6_heuristic_ensemble,93,2087,0
2088,2026-03-26,5,07 12 21 24 29 42,08 16 18 27 37 39,29,0,True,はずれ,0.738684,loto6_heuristic_ensemble,93,2087,0
2089,2026-03-30,1,07 12 21 24 39 42,09 16 18 32 37 43,13,0,False,はずれ,0.757675,loto6_heuristic_ensemble,94,2088,0
2089,2026-03-30,2,07 12 21 24 35 42,09 16 18 32 37 43,13,0,False,はずれ,0.756956,loto6_heuristic_ensemble,94,2088,0
2089,2026-03-30,3,07 14 21 24 35 42,09 16 18 32 37 43,13,0,False,はずれ,0.75056,loto6_heuristic_ensemble,94,2088,0
2089,2026-03-30,4,07 14 21 24 39 42,09 16 18 32 37 43,13,0,False,はずれ,0.748613,loto6_heuristic_ensemble,94,2088,0
2089,2026-03-30,5,07 12 21 24 29 42,09 16 18 32 37 43,13,0,False,はずれ,0.745726,loto6_heuristic_ensemble,94,2088,0
2090,2026-04-02,1,07 12 21 24 39 42,02 03 06 09 24 36,05,1,False,はずれ,0.754997,loto6_heuristic_ensemble,95,2089,0
2090,2026-04-02,2,07 12 21 24 35 42,02 03 06 09 24 36,05,1,False,はずれ,0.751063,loto6_heuristic_ensemble,95,2089,0
2090,2026-04-02,3,07 14 21 24 39 42,02 03 06 09 24 36,05,1,False,はずれ,0.745997,loto6_heuristic_ensemble,95,2089,0
2090,2026-04-02,4,07 18 21 24 39 42,02 03 06 09 24 36,05,1,False,はずれ,0.745204,loto6_heuristic_ensemble,95,2089,0
2090,2026-04-02,5,07 14 21 24 35 42,02 03 06 09 24 36,05,1,False,はずれ,0.74473,loto6_heuristic_ensemble,95,2089,0
2091,2026-04-06,1,07 12 14 21 39 42,06 16 21 25 28 43,09,1,False,はずれ,0.753786,loto6_heuristic_ensemble,96,2090,0
2091,2026-04-06,2,07 10 12 21 39 42,06 16 21 25 28 43,09,1,False,はずれ,0.752214,loto6_heuristic_ensemble,96,2090,0
2091,2026-04-06,3,07 12 14 21 37 42,06 16 21 25 28 43,09,1,False,はずれ,0.749654,loto6_heuristic_ensemble,96,2090,0
2091,2026-04-06,4,07 12 21 24 39 42,06 16 21 25 28 43,09,1,False,はずれ,0.747812,loto6_heuristic_ensemble,96,2090,0
2091,2026-04-06,5,07 10 14 21 39 42,06 16 21 25 28 43,09,1,False,はずれ,0.745494,loto6_heuristic_ensemble,96,2090,0
2092,2026-04-09,1,07 12 14 21 37 42,08 13 27 36 37 43,03,1,False,はずれ,0.748443,loto6_heuristic_ensemble,97,2091,0
2092,2026-04-09,2,07 10 14 21 37 42,08 13 27 36 37 43,03,1,False,はずれ,0.741286,loto6_heuristic_ensemble,97,2091,0
2092,2026-04-09,3,07 10 16 21 37 42,08 13 27 36 37 43,03,1,False,はずれ,0.738556,loto6_heuristic_ensemble,97,2091,0
2092,2026-04-09,4,07 10 12 21 37 42,08 13 27 36 37 43,03,1,False,はずれ,0.738048,loto6_heuristic_ensemble,97,2091,0
2092,2026-04-09,5,07 12 16 21 37 42,08 13 27 36 37 43,03,1,False,はずれ,0.732824,loto6_heuristic_ensemble,97,2091,0
2093,2026-04-13,1,07 12 14 21 37 42,02 10 21 26 29 38,12,1,True,はずれ,0.733921,loto6_heuristic_ensemble,98,2092,0
2093,2026-04-13,2,07 10 16 21 37 42,02 10 21 26 29 38,12,2,False,はずれ,0.730328,loto6_heuristic_ensemble,98,2092,0
2093,2026-04-13,3,07 10 12 21 37 42,02 10 21 26 29 38,12,2,True,はずれ,0.72962,loto6_heuristic_ensemble,98,2092,0
2093,2026-04-13,4,07 10 14 21 37 42,02 10 21 26 29 38,12,2,False,はずれ,0.728346,loto6_heuristic_ensemble,98,2092,0
2093,2026-04-13,5,07 12 16 21 37 42,02 10 21 26 29 38,12,1,True,はずれ,0.724791,loto6_heuristic_ensemble,98,2092,0
2094,2026-04-16,1,07 10 16 21 37 42,03 04 07 11 24 30,16,1,True,はずれ,0.742904,loto6_heuristic_ensemble,99,2093,0
2094,2026-04-16,2,07 10 14 21 37 42,03 04 07 11 24 30,16,1,False,はずれ,0.740655,loto6_heuristic_ensemble,99,2093,0
2094,2026-04-16,3,05 10 16 21 37 42,03 04 07 11 24 30,16,0,True,はずれ,0.740037,loto6_heuristic_ensemble,99,2093,0
2094,2026-04-16,4,07 10 12 21 37 42,03 04 07 11 24 30,16,1,False,はずれ,0.737717,loto6_heuristic_ensemble,99,2093,0
2094,2026-04-16,5,07 10 18 21 37 42,03 04 07 11 24 30,16,1,False,はずれ,0.735696,loto6_heuristic_ensemble,99,2093,0
2095,2026-04-20,1,05 10 16 21 37 42,13 20 22 23 28 30,29,0,False,はずれ,0.72413,loto6_heuristic_ensemble,100,2094,0
2095,2026-04-20,2,07 10 16 21 37 42,13 20 22 23 28 30,29,0,False,はずれ,0.723841,loto6_heuristic_ensemble,100,2094,0
2095,2026-04-20,3,07 10 14 21 37 42,13 20 22 23 28 30,29,0,False,はずれ,0.721963,loto6_heuristic_ensemble,100,2094,0
2095,2026-04-20,4,07 10 12 21 37 42,13 20 22 23 28 30,29,0,False,はずれ,0.718963,loto6_heuristic_ensemble,100,2094,0
2095,2026-04-20,5,07 10 18 21 37 42,13 20 22 23 28 30,29,0,False,はずれ,0.716244,loto6_heuristic_ensemble,100,2094,0
2096,2026-04-23,1,07 10 14 21 37 42,08 15 18 21 33 43,38,1,False,はずれ,0.725267,loto6_heuristic_ensemble,101,2095,0
2096,2026-04-23,2,07 10 12 21 37 42,08 15 18 21 33 43,38,1,False,はずれ,0.722209,loto6_heuristic_ensemble,101,2095,0
2096,2026-04-23,3,07 10 18 21 37 42,08 15 18 21 33 43,38,2,False,はずれ,0.719781,loto6_heuristic_ensemble,101,2095,0
2096,2026-04-23,4,05 10 18 21 37 42,08 15 18 21 33 43,38,2,False,はずれ,0.717481,loto6_heuristic_ensemble,101,2095,0
2096,2026-04-23,5,05 10 14 21 37 42,08 15 18 21 33 43,38,1,False,はずれ,0.7163,loto6_heuristic_ensemble,101,2095,0
2097,2026-04-27,1,07 12 14 21 37 42,03 20 24 27 34 42,37,1,True,はずれ,0.724632,loto6_heuristic_ensemble,102,2096,0
2097,2026-04-27,2,07 10 14 21 37 42,03 20 24 27 34 42,37,1,True,はずれ,0.724172,loto6_heuristic_ensemble,102,2096,0
2097,2026-04-27,3,07 10 18 21 37 42,03 20 24 27 34 42,37,1,True,はずれ,0.722784,loto6_heuristic_ensemble,102,2096,0
2097,2026-04-27,4,07 10 12 21 37 42,03 20 24 27 34 42,37,1,True,はずれ,0.721061,loto6_heuristic_ensemble,102,2096,0
2097,2026-04-27,5,05 10 18 21 37 42,03 20 24 27 34 42,37,1,True,はずれ,0.720145,loto6_heuristic_ensemble,102,2096,0
2098,2026-04-30,1,07 12 14 21 37 42,01 06 15 18 19 42,24,1,False,はずれ,0.721937,loto6_heuristic_ensemble,103,2097,0
2098,2026-04-30,2,07 10 14 21 37 42,01 06 15 18 19 42,24,1,False,はずれ,0.71775,loto6_heuristic_ensemble,103,2097,0
2098,2026-04-30,3,07 10 12 21 37 42,01 06 15 18 19 42,24,1,False,はずれ,0.71513,loto6_heuristic_ensemble,103,2097,0
2098,2026-04-30,4,05 12 14 21 37 42,01 06 15 18 19 42,24,1,False,はずれ,0.713888,loto6_heuristic_ensemble,103,2097,0
2098,2026-04-30,5,05 10 18 21 37 42,01 06 15 18 19 42,24,2,False,はずれ,0.712699,loto6_heuristic_ensemble,103,2097,0
