draw_no,date,rank,numbers,core_group,core5,cover_number,core5_matches,main_matches,bonus_match,grade,score,core_score,config_reason,recent_window,core_pool_size,cover_pool_size,actual,bonus,train_draws,train_until_draw_no
2,2000-10-12,1,02 10 13 27 30 33,A,02 10 13 27 30,33,0,0,False,はずれ,0.712891,0.7896,no_prior_nested_result,120,22,34,01 09 16 20 21 43,05,1,1
2,2000-10-12,2,02 10 13 25 27 30,A,02 10 13 27 30,25,0,0,False,はずれ,0.709051,0.7896,no_prior_nested_result,120,22,34,01 09 16 20 21 43,05,1,1
2,2000-10-12,3,02 08 13 19 27 30,B,02 08 19 27 30,13,0,0,False,はずれ,0.65206,0.63864,no_prior_nested_result,120,22,34,01 09 16 20 21 43,05,1,1
2,2000-10-12,4,02 08 10 19 27 30,B,02 08 19 27 30,10,0,0,False,はずれ,0.646247,0.63864,no_prior_nested_result,120,22,34,01 09 16 20 21 43,05,1,1
2,2000-10-12,5,02 08 13 17 27 30,C,02 08 13 17 30,27,0,0,False,はずれ,0.65174,0.63864,no_prior_nested_result,120,22,34,01 09 16 20 21 43,05,1,1
3,2000-10-19,1,02 10 13 27 30 43,A,02 10 13 27 30,43,0,0,True,はずれ,0.804404,0.820533,no_core4_seen_expand_pool,120,30,40,01 05 15 31 36 38,13,2,2
3,2000-10-19,2,02 10 13 21 27 30,A,02 10 13 27 30,21,0,0,True,はずれ,0.798324,0.820533,no_core4_seen_expand_pool,120,30,40,01 05 15 31 36 38,13,2,2
3,2000-10-19,3,09 16 20 21 30 43,B,09 16 20 21 43,30,0,0,False,はずれ,0.781482,0.7916,no_core4_seen_expand_pool,120,30,40,01 05 15 31 36 38,13,2,2
3,2000-10-19,4,02 09 16 20 21 43,B,09 16 20 21 43,02,0,0,False,はずれ,0.779242,0.7916,no_core4_seen_expand_pool,120,30,40,01 05 15 31 36 38,13,2,2
3,2000-10-19,5,08 10 13 27 30 43,C,08 13 27 30 43,10,0,0,True,はずれ,0.742725,0.72868,no_core4_seen_expand_pool,120,30,40,01 05 15 31 36 38,13,2,2
4,2000-10-26,1,01 16 20 21 30 43,A,01 16 20 21 43,30,1,1,False,はずれ,0.607855,0.629787,no_core4_seen_expand_pool,120,30,40,16 18 26 27 34 40,13,3,3
4,2000-10-26,2,01 10 16 20 21 43,A,01 16 20 21 43,10,1,1,False,はずれ,0.604655,0.629787,no_core4_seen_expand_pool,120,30,40,16 18 26 27 34 40,13,3,3
4,2000-10-26,3,01 02 10 13 27 30,B,02 10 13 27 30,01,1,1,True,はずれ,0.625835,0.6272,no_core4_seen_expand_pool,120,30,40,16 18 26 27 34 40,13,3,3
4,2000-10-26,4,02 10 13 27 30 43,B,02 10 13 27 30,43,1,1,True,はずれ,0.602848,0.6272,no_core4_seen_expand_pool,120,30,40,16 18 26 27 34 40,13,3,3
4,2000-10-26,5,01 08 15 31 36 38,C,01 15 31 36 38,08,0,0,False,はずれ,0.590394,0.60756,no_core4_seen_expand_pool,120,30,40,16 18 26 27 34 40,13,3,3
5,2000-11-02,1,01 16 20 21 27 43,A,01 16 20 21 43,27,1,2,True,はずれ,0.678278,0.678971,no_core4_seen_expand_pool,120,30,40,09 15 21 23 27 28,43,4,4
5,2000-11-02,2,01 16 20 21 30 43,A,01 16 20 21 43,30,1,1,True,はずれ,0.651718,0.678971,no_core4_seen_expand_pool,120,30,40,09 15 21 23 27 28,43,4,4
5,2000-11-02,3,01 02 10 13 27 30,B,02 10 13 27 30,01,1,1,False,はずれ,0.663577,0.667104,no_core4_seen_expand_pool,120,30,40,09 15 21 23 27 28,43,4,4
5,2000-11-02,4,02 10 13 16 27 30,B,02 10 13 27 30,16,1,1,False,はずれ,0.66347,0.667104,no_core4_seen_expand_pool,120,30,40,09 15 21 23 27 28,43,4,4
5,2000-11-02,5,01 09 16 20 27 43,C,01 09 16 20 27,43,2,2,True,はずれ,0.636207,0.659307,no_core4_seen_expand_pool,120,30,40,09 15 21 23 27 28,43,4,4
6,2000-11-09,1,01 09 15 16 21 27,A,01 09 16 21 27,15,0,0,False,はずれ,0.528551,0.546187,no_core4_seen_expand_pool,120,30,40,06 12 23 25 28 38,22,5,5
6,2000-11-09,2,01 09 16 21 27 30,A,01 09 16 21 27,30,0,0,False,はずれ,0.521494,0.546187,no_core4_seen_expand_pool,120,30,40,06 12 23 25 28 38,22,5,5
6,2000-11-09,3,01 09 15 16 27 40,B,09 15 16 27 40,01,0,0,False,はずれ,0.515903,0.517587,no_core4_seen_expand_pool,120,30,40,06 12 23 25 28 38,22,5,5
6,2000-11-09,4,09 15 16 21 27 40,B,09 15 16 27 40,21,0,0,False,はずれ,0.515512,0.517587,no_core4_seen_expand_pool,120,30,40,06 12 23 25 28 38,22,5,5
6,2000-11-09,5,02 09 16 20 27 43,C,09 16 20 27 43,02,0,0,False,はずれ,0.498896,0.512213,no_core4_seen_expand_pool,120,30,40,06 12 23 25 28 38,22,5,5
7,2000-11-16,1,09 16 21 27 28 38,A,09 16 21 27 28,38,1,1,False,はずれ,0.559345,0.566497,no_core4_seen_expand_pool,120,30,40,07 19 21 23 33 35,26,6,6
7,2000-11-16,2,01 09 16 21 27 28,A,09 16 21 27 28,01,1,1,False,はずれ,0.557996,0.566497,no_core4_seen_expand_pool,120,30,40,07 19 21 23 33 35,26,6,6
7,2000-11-16,3,09 15 23 27 28 38,B,15 23 27 28 38,09,1,1,False,はずれ,0.558255,0.56521,no_core4_seen_expand_pool,120,30,40,07 19 21 23 33 35,26,6,6
7,2000-11-16,4,15 16 23 27 28 38,B,15 23 27 28 38,16,1,1,False,はずれ,0.554819,0.56521,no_core4_seen_expand_pool,120,30,40,07 19 21 23 33 35,26,6,6
7,2000-11-16,5,09 15 21 27 28 38,C,09 15 21 28 38,27,1,1,False,はずれ,0.567947,0.546688,no_core4_seen_expand_pool,120,30,40,07 19 21 23 33 35,26,6,6
8,2000-11-23,1,09 21 23 27 28 38,A,09 21 23 28 38,27,0,0,True,はずれ,0.62612,0.615693,no_core4_seen_expand_pool,120,30,40,11 16 18 20 42 43,28,7,7
8,2000-11-23,2,09 16 21 23 28 38,A,09 21 23 28 38,16,0,1,True,はずれ,0.612386,0.615693,no_core4_seen_expand_pool,120,30,40,11 16 18 20 42 43,28,7,7
8,2000-11-23,3,09 16 21 23 27 38,B,09 16 21 23 27,38,1,1,False,はずれ,0.599385,0.607493,no_core4_seen_expand_pool,120,30,40,11 16 18 20 42 43,28,7,7
8,2000-11-23,4,09 16 21 23 27 28,B,09 16 21 23 27,28,1,1,True,はずれ,0.596772,0.607493,no_core4_seen_expand_pool,120,30,40,11 16 18 20 42 43,28,7,7
8,2000-11-23,5,15 21 23 27 28 38,C,15 23 27 28 38,21,0,0,True,はずれ,0.61078,0.601667,no_core4_seen_expand_pool,120,30,40,11 16 18 20 42 43,28,7,7
9,2000-11-30,1,09 16 20 21 27 43,A,09 16 20 21 43,27,0,0,False,はずれ,0.655316,0.644329,no_core4_seen_expand_pool,120,30,40,11 19 23 38 39 42,15,8,8
9,2000-11-30,2,09 16 20 21 23 43,A,09 16 20 21 43,23,0,1,False,はずれ,0.651926,0.644329,no_core4_seen_expand_pool,120,30,40,11 19 23 38 39 42,15,8,8
9,2000-11-30,3,09 16 21 23 27 38,B,09 16 21 23 27,38,1,2,False,はずれ,0.62517,0.635591,no_core4_seen_expand_pool,120,30,40,11 19 23 38 39 42,15,8,8
9,2000-11-30,4,09 16 21 23 27 28,B,09 16 21 23 27,28,1,1,False,はずれ,0.622557,0.635591,no_core4_seen_expand_pool,120,30,40,11 19 23 38 39 42,15,8,8
9,2000-11-30,5,01 16 18 21 27 43,C,16 18 21 27 43,01,0,0,False,はずれ,0.623887,0.630502,no_core4_seen_expand_pool,120,30,40,11 19 23 38 39 42,15,8,8
10,2000-12-07,1,09 16 21 23 28 38,A,09 21 23 28 38,16,1,1,False,はずれ,0.594951,0.593357,no_core4_seen_expand_pool,120,30,40,01 03 19 21 35 39,26,9,9
10,2000-12-07,2,09 21 23 27 28 38,A,09 21 23 28 38,27,1,1,False,はずれ,0.589191,0.593357,no_core4_seen_expand_pool,120,30,40,01 03 19 21 35 39,26,9,9
10,2000-12-07,3,15 21 23 27 28 38,B,15 23 27 28 38,21,0,1,False,はずれ,0.573965,0.578403,no_core4_seen_expand_pool,120,30,40,01 03 19 21 35 39,26,9,9
10,2000-12-07,4,01 15 23 27 28 38,B,15 23 27 28 38,01,0,1,False,はずれ,0.562898,0.578403,no_core4_seen_expand_pool,120,30,40,01 03 19 21 35 39,26,9,9
10,2000-12-07,5,09 16 21 23 27 38,C,16 21 23 27 38,09,1,1,False,はずれ,0.564433,0.575072,no_core4_seen_expand_pool,120,30,40,01 03 19 21 35 39,26,9,9
11,2000-12-14,1,16 19 21 23 38 42,A,19 21 23 38 42,16,1,1,True,はずれ,0.62229,0.628808,no_core4_seen_expand_pool,120,30,40,12 26 32 37 40 42,16,10,10
11,2000-12-14,2,01 19 21 23 38 42,A,19 21 23 38 42,01,1,1,False,はずれ,0.621073,0.628808,no_core4_seen_expand_pool,120,30,40,12 26 32 37 40 42,16,10,10
11,2000-12-14,3,09 19 21 23 28 38,B,09 21 23 28 38,19,0,0,False,はずれ,0.610442,0.616093,no_core4_seen_expand_pool,120,30,40,12 26 32 37 40 42,16,10,10
11,2000-12-14,4,09 21 23 27 28 38,B,09 21 23 28 38,27,0,0,False,はずれ,0.609618,0.616093,no_core4_seen_expand_pool,120,30,40,12 26 32 37 40 42,16,10,10
11,2000-12-14,5,01 16 21 23 28 38,C,01 16 21 23 38,28,0,0,True,はずれ,0.595201,0.608709,no_core4_seen_expand_pool,120,30,40,12 26 32 37 40 42,16,10,10
12,2000-12-21,1,16 19 21 23 38 42,A,19 21 23 38 42,16,0,0,False,はずれ,0.644984,0.653907,no_core4_seen_expand_pool,120,30,40,14 17 27 28 35 39,22,11,11
12,2000-12-21,2,01 19 21 23 38 42,A,19 21 23 38 42,01,0,0,False,はずれ,0.644042,0.653907,no_core4_seen_expand_pool,120,30,40,14 17 27 28 35 39,22,11,11
12,2000-12-21,3,09 19 21 23 28 38,B,09 21 23 28 38,19,1,1,False,はずれ,0.617243,0.62228,no_core4_seen_expand_pool,120,30,40,14 17 27 28 35 39,22,11,11
12,2000-12-21,4,09 21 23 27 28 38,B,09 21 23 28 38,27,1,2,False,はずれ,0.615732,0.62228,no_core4_seen_expand_pool,120,30,40,14 17 27 28 35 39,22,11,11
12,2000-12-21,5,01 16 21 23 38 42,C,01 16 21 23 38,42,0,0,False,はずれ,0.615831,0.61588,no_core4_seen_expand_pool,120,30,40,14 17 27 28 35 39,22,11,11
13,2000-12-28,1,19 21 23 27 38 42,A,19 21 23 38 42,27,1,1,False,はずれ,0.65925,0.660331,no_core4_seen_expand_pool,120,30,40,13 29 31 37 41 42,17,12,12
13,2000-12-28,2,16 19 21 23 38 42,A,19 21 23 38 42,16,1,1,False,はずれ,0.651523,0.660331,no_core4_seen_expand_pool,120,30,40,13 29 31 37 41 42,17,12,12
13,2000-12-28,3,01 21 23 27 28 38,B,21 23 27 28 38,01,0,0,False,はずれ,0.630456,0.642928,no_core4_seen_expand_pool,120,30,40,13 29 31 37 41 42,17,12,12
13,2000-12-28,4,19 21 23 27 28 38,B,21 23 27 28 38,19,0,0,False,はずれ,0.630029,0.642928,no_core4_seen_expand_pool,120,30,40,13 29 31 37 41 42,17,12,12
13,2000-12-28,5,19 21 23 28 35 39,C,19 21 23 35 39,28,0,0,False,はずれ,0.627068,0.641621,no_core4_seen_expand_pool,120,30,40,13 29 31 37 41 42,17,12,12
14,2001-01-04,1,19 21 23 27 38 42,A,19 21 23 38 42,27,1,1,False,はずれ,0.680838,0.684067,no_core4_seen_expand_pool,120,30,40,02 08 11 35 37 38,43,13,13
14,2001-01-04,2,16 19 21 23 38 42,A,19 21 23 38 42,16,1,1,False,はずれ,0.672712,0.684067,no_core4_seen_expand_pool,120,30,40,02 08 11 35 37 38,43,13,13
14,2001-01-04,3,21 23 27 28 38 42,B,21 23 27 28 38,42,1,1,False,はずれ,0.650583,0.648741,no_core4_seen_expand_pool,120,30,40,02 08 11 35 37 38,43,13,13
14,2001-01-04,4,01 21 23 27 28 38,B,21 23 27 28 38,01,1,1,False,はずれ,0.636522,0.648741,no_core4_seen_expand_pool,120,30,40,02 08 11 35 37 38,43,13,13
14,2001-01-04,5,16 21 23 27 38 42,C,16 21 23 27 42,38,0,1,False,はずれ,0.642475,0.648621,no_core4_seen_expand_pool,120,30,40,02 08 11 35 37 38,43,13,13
15,2001-01-11,1,19 21 23 35 38 42,A,19 21 23 38 42,35,1,1,False,はずれ,0.699963,0.703709,no_core4_seen_expand_pool,120,30,40,04 06 11 20 21 28,36,14,14
15,2001-01-11,2,19 21 23 27 38 42,A,19 21 23 38 42,27,1,1,False,はずれ,0.698754,0.703709,no_core4_seen_expand_pool,120,30,40,04 06 11 20 21 28,36,14,14
15,2001-01-11,3,11 21 23 35 38 42,B,11 23 35 38 42,21,1,2,False,はずれ,0.697629,0.697144,no_core4_seen_expand_pool,120,30,40,04 06 11 20 21 28,36,14,14
15,2001-01-11,4,11 16 23 35 38 42,B,11 23 35 38 42,16,1,1,False,はずれ,0.683327,0.697144,no_core4_seen_expand_pool,120,30,40,04 06 11 20 21 28,36,14,14
15,2001-01-11,5,21 23 28 35 38 42,C,21 23 28 35 38,42,2,2,False,はずれ,0.679371,0.677997,no_core4_seen_expand_pool,120,30,40,04 06 11 20 21 28,36,14,14
16,2001-01-18,1,11 21 23 28 38 42,A,11 21 23 28 38,42,0,0,False,はずれ,0.660316,0.667237,no_core4_seen_expand_pool,120,30,40,05 12 13 29 34 35,30,15,15
16,2001-01-18,2,11 21 23 28 35 38,A,11 21 23 28 38,35,0,1,False,はずれ,0.654862,0.667237,no_core4_seen_expand_pool,120,30,40,05 12 13 29 34 35,30,15,15
16,2001-01-18,3,11 19 21 23 38 42,B,11 19 23 38 42,21,0,0,False,はずれ,0.649096,0.640616,no_core4_seen_expand_pool,120,30,40,05 12 13 29 34 35,30,15,15
16,2001-01-18,4,11 19 23 28 38 42,B,11 19 23 38 42,28,0,0,False,はずれ,0.635763,0.640616,no_core4_seen_expand_pool,120,30,40,05 12 13 29 34 35,30,15,15
16,2001-01-18,5,19 21 23 28 35 38,C,19 21 23 28 35,38,1,1,False,はずれ,0.62896,0.634,no_core4_seen_expand_pool,120,30,40,05 12 13 29 34 35,30,15,15
17,2001-01-25,1,11 21 23 28 35 38,A,11 21 23 28 38,35,0,1,True,はずれ,0.674308,0.672219,no_core4_seen_expand_pool,120,30,40,14 20 25 34 35 36,11,16,16
17,2001-01-25,2,11 21 23 28 38 42,A,11 21 23 28 38,42,0,0,True,はずれ,0.665508,0.672219,no_core4_seen_expand_pool,120,30,40,14 20 25 34 35 36,11,16,16
17,2001-01-25,3,11 21 23 35 38 42,B,11 23 35 38 42,21,1,1,True,はずれ,0.661601,0.657977,no_core4_seen_expand_pool,120,30,40,14 20 25 34 35 36,11,16,16
17,2001-01-25,4,11 23 28 35 38 42,B,11 23 35 38 42,28,1,1,True,はずれ,0.649494,0.657977,no_core4_seen_expand_pool,120,30,40,14 20 25 34 35 36,11,16,16
17,2001-01-25,5,06 21 23 28 35 38,C,06 21 23 28 35,38,1,1,False,はずれ,0.64888,0.653331,no_core4_seen_expand_pool,120,30,40,14 20 25 34 35 36,11,16,16
18,2001-02-01,1,11 20 21 23 28 35,A,11 20 21 28 35,23,0,0,False,はずれ,0.618254,0.62968,no_core4_seen_expand_pool,120,30,40,06 16 18 27 36 41,33,17,17
18,2001-02-01,2,11 20 21 28 35 42,A,11 20 21 28 35,42,0,0,False,はずれ,0.615397,0.62968,no_core4_seen_expand_pool,120,30,40,06 16 18 27 36 41,33,17,17
18,2001-02-01,3,11 21 23 28 35 38,B,11 21 23 28 38,35,0,0,False,はずれ,0.62811,0.618182,no_core4_seen_expand_pool,120,30,40,06 16 18 27 36 41,33,17,17
18,2001-02-01,4,11 20 21 23 28 38,B,11 21 23 28 38,20,0,0,False,はずれ,0.603416,0.618182,no_core4_seen_expand_pool,120,30,40,06 16 18 27 36 41,33,17,17
18,2001-02-01,5,11 21 23 35 38 42,C,11 23 35 38 42,21,0,0,False,はずれ,0.613719,0.616769,no_core4_seen_expand_pool,120,30,40,06 16 18 27 36 41,33,17,17
19,2001-02-08,1,11 20 21 23 28 35,A,11 20 21 28 35,23,0,0,False,はずれ,0.573063,0.578239,no_core4_seen_expand_pool,120,30,40,04 08 12 30 33 43,14,18,18
19,2001-02-08,2,11 20 21 27 28 35,A,11 20 21 28 35,27,0,0,False,はずれ,0.571798,0.578239,no_core4_seen_expand_pool,120,30,40,04 08 12 30 33 43,14,18,18
19,2001-02-08,3,06 21 23 28 35 38,B,06 21 23 28 35,38,0,0,False,はずれ,0.570702,0.574203,no_core4_seen_expand_pool,120,30,40,04 08 12 30 33 43,14,18,18
19,2001-02-08,4,06 21 23 28 35 42,B,06 21 23 28 35,42,0,0,False,はずれ,0.570305,0.574203,no_core4_seen_expand_pool,120,30,40,04 08 12 30 33 43,14,18,18
19,2001-02-08,5,11 21 23 35 38 42,C,11 23 35 38 42,21,0,0,False,はずれ,0.575483,0.572731,no_core4_seen_expand_pool,120,30,40,04 08 12 30 33 43,14,18,18
20,2001-02-15,1,11 20 21 23 28 35,A,11 20 21 28 35,23,1,1,False,はずれ,0.577048,0.582341,no_core4_seen_expand_pool,120,30,40,07 29 33 35 37 39,19,19,19
20,2001-02-15,2,11 20 21 27 28 35,A,11 20 21 28 35,27,1,1,False,はずれ,0.576213,0.582341,no_core4_seen_expand_pool,120,30,40,07 29 33 35 37 39,19,19,19
20,2001-02-15,3,06 21 23 28 35 38,B,06 21 23 28 35,38,1,1,False,はずれ,0.574716,0.578061,no_core4_seen_expand_pool,120,30,40,07 29 33 35 37 39,19,19,19
20,2001-02-15,4,06 21 23 28 35 42,B,06 21 23 28 35,42,1,1,False,はずれ,0.574272,0.578061,no_core4_seen_expand_pool,120,30,40,07 29 33 35 37 39,19,19,19
20,2001-02-15,5,11 21 23 35 38 42,C,11 23 35 38 42,21,1,1,False,はずれ,0.579295,0.576296,no_core4_seen_expand_pool,120,30,40,07 29 33 35 37 39,19,19,19
21,2001-02-22,1,11 20 21 23 28 35,A,11 20 21 28 35,23,0,0,False,はずれ,0.541713,0.549596,no_core4_seen_expand_pool,120,30,40,05 07 13 19 38 41,42,20,20
21,2001-02-22,2,11 20 21 28 35 42,A,11 20 21 28 35,42,0,0,True,はずれ,0.540659,0.549596,no_core4_seen_expand_pool,120,30,40,05 07 13 19 38 41,42,20,20
21,2001-02-22,3,06 21 23 27 28 35,B,06 21 23 28 35,27,0,0,False,はずれ,0.542556,0.547084,no_core4_seen_expand_pool,120,30,40,05 07 13 19 38 41,42,20,20
21,2001-02-22,4,06 21 23 28 35 38,B,06 21 23 28 35,38,0,1,False,はずれ,0.541109,0.547084,no_core4_seen_expand_pool,120,30,40,05 07 13 19 38 41,42,20,20
21,2001-02-22,5,11 21 23 35 38 42,C,11 23 35 38 42,21,1,1,True,はずれ,0.54356,0.545053,no_core4_seen_expand_pool,120,30,40,05 07 13 19 38 41,42,20,20
22,2001-03-01,1,11 21 23 35 38 42,A,11 23 35 38 42,21,1,1,False,はずれ,0.551951,0.554132,no_core4_seen_expand_pool,120,30,40,08 12 16 19 20 35,41,21,21
22,2001-03-01,2,11 23 27 35 38 42,A,11 23 35 38 42,27,1,1,False,はずれ,0.546064,0.554132,no_core4_seen_expand_pool,120,30,40,08 12 16 19 20 35,41,21,21
22,2001-03-01,3,11 20 21 28 35 38,B,11 20 21 28 35,38,2,2,False,はずれ,0.548158,0.553091,no_core4_seen_expand_pool,120,30,40,08 12 16 19 20 35,41,21,21
22,2001-03-01,4,11 20 21 23 28 35,B,11 20 21 28 35,23,2,2,False,はずれ,0.545094,0.553091,no_core4_seen_expand_pool,120,30,40,08 12 16 19 20 35,41,21,21
22,2001-03-01,5,06 12 21 23 28 35,C,06 21 23 28 35,12,1,2,False,はずれ,0.544055,0.550378,no_core4_seen_expand_pool,120,30,40,08 12 16 19 20 35,41,21,21
23,2001-03-08,1,12 16 19 20 21 35,A,16 19 20 21 35,12,0,0,False,はずれ,0.553735,0.568969,no_core4_seen_expand_pool,120,30,40,07 10 28 32 33 40,13,22,22
23,2001-03-08,2,16 19 20 21 35 38,A,16 19 20 21 35,38,0,0,False,はずれ,0.551608,0.568969,no_core4_seen_expand_pool,120,30,40,07 10 28 32 33 40,13,22,22
23,2001-03-08,3,08 12 16 19 21 35,B,08 12 19 21 35,16,0,0,False,はずれ,0.551983,0.559862,no_core4_seen_expand_pool,120,30,40,07 10 28 32 33 40,13,22,22
23,2001-03-08,4,08 12 19 21 35 42,B,08 12 19 21 35,42,0,0,False,はずれ,0.551545,0.559862,no_core4_seen_expand_pool,120,30,40,07 10 28 32 33 40,13,22,22
23,2001-03-08,5,12 19 21 23 35 38,C,12 19 23 35 38,21,0,0,False,はずれ,0.55268,0.559844,no_core4_seen_expand_pool,120,30,40,07 10 28 32 33 40,13,22,22
24,2001-03-15,1,12 16 19 20 21 35,A,16 19 20 21 35,12,1,1,False,はずれ,0.557595,0.5726,no_core4_seen_expand_pool,120,30,40,15 18 19 30 36 38,13,23,23
24,2001-03-15,2,16 19 20 21 28 35,A,16 19 20 21 35,28,1,1,False,はずれ,0.556342,0.5726,no_core4_seen_expand_pool,120,30,40,15 18 19 30 36 38,13,23,23
24,2001-03-15,3,08 12 19 21 35 38,B,08 12 19 21 35,38,1,2,False,はずれ,0.559798,0.563493,no_core4_seen_expand_pool,120,30,40,15 18 19 30 36 38,13,23,23
24,2001-03-15,4,08 12 16 19 21 35,B,08 12 19 21 35,16,1,1,False,はずれ,0.555843,0.563493,no_core4_seen_expand_pool,120,30,40,15 18 19 30 36 38,13,23,23
24,2001-03-15,5,12 19 21 23 35 38,C,12 19 23 35 38,21,2,2,False,はずれ,0.556109,0.56324,no_core4_seen_expand_pool,120,30,40,15 18 19 30 36 38,13,23,23
25,2001-03-22,1,12 19 21 23 35 38,A,12 19 23 35 38,21,0,0,False,はずれ,0.580679,0.591532,no_core4_seen_expand_pool,120,30,40,11 32 34 37 40 43,08,24,24
25,2001-03-22,2,12 16 19 23 35 38,A,12 19 23 35 38,16,0,0,False,はずれ,0.579281,0.591532,no_core4_seen_expand_pool,120,30,40,11 32 34 37 40 43,08,24,24
25,2001-03-22,3,16 19 20 21 35 38,B,16 19 20 21 35,38,0,0,False,はずれ,0.575454,0.584896,no_core4_seen_expand_pool,120,30,40,11 32 34 37 40 43,08,24,24
25,2001-03-22,4,12 16 19 20 21 35,B,16 19 20 21 35,12,0,0,False,はずれ,0.568803,0.584896,no_core4_seen_expand_pool,120,30,40,11 32 34 37 40 43,08,24,24
25,2001-03-22,5,08 19 21 28 35 38,C,08 19 21 35 38,28,0,0,True,はずれ,0.57257,0.583078,no_core4_seen_expand_pool,120,30,40,11 32 34 37 40 43,08,24,24
26,2001-03-29,1,12 19 21 23 35 38,A,12 19 23 35 38,21,1,1,False,はずれ,0.583713,0.594559,no_core4_seen_expand_pool,120,30,40,03 04 11 12 13 43,22,25,25
26,2001-03-29,2,12 16 19 23 35 38,A,12 19 23 35 38,16,1,1,False,はずれ,0.582511,0.594559,no_core4_seen_expand_pool,120,30,40,03 04 11 12 13 43,22,25,25
26,2001-03-29,3,16 19 20 21 35 38,B,16 19 20 21 35,38,0,0,False,はずれ,0.578837,0.588037,no_core4_seen_expand_pool,120,30,40,03 04 11 12 13 43,22,25,25
26,2001-03-29,4,12 16 19 20 21 35,B,16 19 20 21 35,12,0,1,False,はずれ,0.57213,0.588037,no_core4_seen_expand_pool,120,30,40,03 04 11 12 13 43,22,25,25
26,2001-03-29,5,08 19 21 28 35 38,C,08 19 21 35 38,28,0,0,False,はずれ,0.575974,0.586276,no_core4_seen_expand_pool,120,30,40,03 04 11 12 13 43,22,25,25
27,2001-04-05,1,11 12 19 23 35 38,A,12 19 23 35 38,11,1,1,False,はずれ,0.593509,0.605052,no_core4_seen_expand_pool,120,30,40,04 08 20 30 33 38,10,26,26
27,2001-04-05,2,12 19 21 23 35 38,A,12 19 23 35 38,21,1,1,False,はずれ,0.593097,0.605052,no_core4_seen_expand_pool,120,30,40,04 08 20 30 33 38,10,26,26
27,2001-04-05,3,12 16 19 20 21 35,B,16 19 20 21 35,12,1,1,False,はずれ,0.582724,0.590945,no_core4_seen_expand_pool,120,30,40,04 08 20 30 33 38,10,26,26
27,2001-04-05,4,16 19 20 21 35 38,B,16 19 20 21 35,38,1,2,False,はずれ,0.581969,0.590945,no_core4_seen_expand_pool,120,30,40,04 08 20 30 33 38,10,26,26
27,2001-04-05,5,08 12 19 21 28 35,C,08 12 19 21 35,28,1,1,False,はずれ,0.580463,0.589529,no_core4_seen_expand_pool,120,30,40,04 08 20 30 33 38,10,26,26
28,2001-04-12,1,08 12 19 21 35 38,A,08 12 19 35 38,21,0,0,False,はずれ,0.617135,0.622712,no_core4_seen_expand_pool,120,30,40,06 11 15 20 31 41,07,27,27
28,2001-04-12,2,08 11 12 19 35 38,A,08 12 19 35 38,11,0,1,False,はずれ,0.614007,0.622712,no_core4_seen_expand_pool,120,30,40,06 11 15 20 31 41,07,27,27
28,2001-04-12,3,11 12 19 20 35 38,B,11 19 20 35 38,12,2,2,False,はずれ,0.602948,0.614819,no_core4_seen_expand_pool,120,30,40,06 11 15 20 31 41,07,27,27
28,2001-04-12,4,08 11 19 20 35 38,B,11 19 20 35 38,08,2,2,False,はずれ,0.600616,0.614819,no_core4_seen_expand_pool,120,30,40,06 11 15 20 31 41,07,27,27
28,2001-04-12,5,08 19 20 21 35 38,C,08 19 20 21 35,38,1,1,False,はずれ,0.614695,0.61479,no_core4_seen_expand_pool,120,30,40,06 11 15 20 31 41,07,27,27
29,2001-04-19,1,11 12 19 20 35 38,A,11 19 20 35 38,12,2,3,False,5等,0.629059,0.644773,no_core4_seen_expand_pool,120,30,40,08 12 20 35 37 40,33,28,28
29,2001-04-19,2,08 11 19 20 35 38,A,11 19 20 35 38,08,2,3,False,5等,0.626749,0.644773,no_core4_seen_expand_pool,120,30,40,08 12 20 35 37 40,33,28,28
29,2001-04-19,3,08 19 20 21 35 38,B,08 19 20 21 35,38,3,3,False,5等,0.626044,0.627333,no_core4_seen_expand_pool,120,30,40,08 12 20 35 37 40,33,28,28
29,2001-04-19,4,08 11 19 20 21 35,B,08 19 20 21 35,11,3,3,False,5等,0.618646,0.627333,no_core4_seen_expand_pool,120,30,40,08 12 20 35 37 40,33,28,28
29,2001-04-19,5,08 11 12 19 20 35,C,08 11 12 20 35,19,4,4,False,4等,0.613044,0.626613,no_core4_seen_expand_pool,120,30,40,08 12 20 35 37 40,33,28,28
30,2001-04-26,1,08 11 12 20 35 38,A,08 11 12 20 35,38,0,0,True,はずれ,0.650764,0.668312,core4_seen_balanced,120,24,36,04 16 17 19 26 37,08,29,29
30,2001-04-26,2,08 11 12 20 35 37,A,08 11 12 20 35,37,0,1,True,はずれ,0.648115,0.668312,core4_seen_balanced,120,24,36,04 16 17 19 26 37,08,29,29
30,2001-04-26,3,08 11 19 20 35 38,B,08 19 20 35 38,11,1,1,True,はずれ,0.637962,0.645077,core4_seen_balanced,120,24,36,04 16 17 19 26 37,08,29,29
30,2001-04-26,4,08 12 19 20 35 38,B,08 19 20 35 38,12,1,1,True,はずれ,0.633819,0.645077,core4_seen_balanced,120,24,36,04 16 17 19 26 37,08,29,29
30,2001-04-26,5,08 12 20 35 37 38,C,08 12 35 37 38,20,1,1,True,はずれ,0.629428,0.632704,core4_seen_balanced,120,24,36,04 16 17 19 26 37,08,29,29
31,2001-05-03,1,08 11 12 20 35 37,A,08 12 20 35 37,11,0,0,False,はずれ,0.66431,0.676088,core4_seen_balanced,120,24,36,07 18 22 25 28 43,04,30,30
31,2001-05-03,2,08 12 19 20 35 37,A,08 12 20 35 37,19,0,0,False,はずれ,0.663603,0.676088,core4_seen_balanced,120,24,36,07 18 22 25 28 43,04,30,30
31,2001-05-03,3,08 12 19 20 35 38,B,08 19 20 35 38,12,0,0,False,はずれ,0.641707,0.653619,core4_seen_balanced,120,24,36,07 18 22 25 28 43,04,30,30
31,2001-05-03,4,08 19 20 35 37 38,B,08 19 20 35 38,37,0,0,False,はずれ,0.63682,0.653619,core4_seen_balanced,120,24,36,07 18 22 25 28 43,04,30,30
31,2001-05-03,5,08 11 20 21 35 38,C,08 11 20 21 35,38,0,0,False,はずれ,0.635275,0.641108,core4_seen_balanced,120,24,36,07 18 22 25 28 43,04,30,30
32,2001-05-10,1,08 11 12 20 35 37,A,08 12 20 35 37,11,0,0,False,はずれ,0.667256,0.678913,core4_seen_balanced,120,24,36,03 06 07 23 29 41,33,31,31
32,2001-05-10,2,08 12 19 20 35 37,A,08 12 20 35 37,19,0,0,False,はずれ,0.666585,0.678913,core4_seen_balanced,120,24,36,03 06 07 23 29 41,33,31,31
32,2001-05-10,3,08 12 19 20 35 38,B,08 19 20 35 38,12,0,0,False,はずれ,0.644639,0.656407,core4_seen_balanced,120,24,36,03 06 07 23 29 41,33,31,31
32,2001-05-10,4,08 19 20 35 37 38,B,08 19 20 35 38,37,0,0,False,はずれ,0.63977,0.656407,core4_seen_balanced,120,24,36,03 06 07 23 29 41,33,31,31
32,2001-05-10,5,08 11 12 20 35 43,C,11 12 20 35 43,08,0,0,False,はずれ,0.633607,0.643913,core4_seen_balanced,120,24,36,03 06 07 23 29 41,33,31,31
33,2001-05-17,1,08 11 12 20 35 37,A,08 12 20 35 37,11,1,1,False,はずれ,0.670023,0.681567,core4_seen_balanced,120,24,36,08 17 22 25 29 41,13,32,32
33,2001-05-17,2,08 12 19 20 35 37,A,08 12 20 35 37,19,1,1,False,はずれ,0.669386,0.681567,core4_seen_balanced,120,24,36,08 17 22 25 29 41,13,32,32
33,2001-05-17,3,08 12 19 20 35 38,B,08 19 20 35 38,12,1,1,False,はずれ,0.647393,0.659025,core4_seen_balanced,120,24,36,08 17 22 25 29 41,13,32,32
33,2001-05-17,4,08 19 20 35 37 38,B,08 19 20 35 38,37,1,1,False,はずれ,0.642541,0.659025,core4_seen_balanced,120,24,36,08 17 22 25 29 41,13,32,32
33,2001-05-17,5,08 11 12 20 35 43,C,11 12 20 35 43,08,0,1,False,はずれ,0.636391,0.646567,core4_seen_balanced,120,24,36,08 17 22 25 29 41,13,32,32
34,2001-05-24,1,08 11 12 20 35 37,A,08 12 20 35 37,11,2,2,False,はずれ,0.678694,0.691162,core4_seen_balanced,120,24,36,02 20 25 30 37 40,10,33,33
34,2001-05-24,2,08 12 19 20 35 37,A,08 12 20 35 37,19,2,2,False,はずれ,0.67809,0.691162,core4_seen_balanced,120,24,36,02 20 25 30 37 40,10,33,33
34,2001-05-24,3,08 12 19 20 35 38,B,08 19 20 35 38,12,1,1,False,はずれ,0.656052,0.668587,core4_seen_balanced,120,24,36,02 20 25 30 37 40,10,33,33
34,2001-05-24,4,08 19 20 35 37 38,B,08 19 20 35 38,37,1,2,False,はずれ,0.651216,0.668587,core4_seen_balanced,120,24,36,02 20 25 30 37 40,10,33,33
34,2001-05-24,5,08 11 20 21 35 38,C,08 11 20 21 35,38,1,1,False,はずれ,0.648885,0.655336,core4_seen_balanced,120,24,36,02 20 25 30 37 40,10,33,33
35,2001-05-31,1,08 11 12 20 35 37,A,08 12 20 35 37,11,0,0,False,はずれ,0.654297,0.663366,core4_seen_balanced,120,24,36,03 05 13 30 32 41,28,34,34
35,2001-05-31,2,08 12 19 20 35 37,A,08 12 20 35 37,19,0,0,False,はずれ,0.653927,0.663366,core4_seen_balanced,120,24,36,03 05 13 30 32 41,28,34,34
35,2001-05-31,3,08 19 20 35 37 38,B,08 19 20 35 38,37,0,0,False,はずれ,0.629995,0.635602,core4_seen_balanced,120,24,36,03 05 13 30 32 41,28,34,34
35,2001-05-31,4,08 12 19 20 35 38,B,08 19 20 35 38,12,0,0,False,はずれ,0.626798,0.635602,core4_seen_balanced,120,24,36,03 05 13 30 32 41,28,34,34
35,2001-05-31,5,08 11 20 35 37 40,C,11 20 35 37 40,08,0,0,False,はずれ,0.625706,0.628086,core4_seen_balanced,120,24,36,03 05 13 30 32 41,28,34,34
36,2001-06-07,1,08 11 12 20 35 37,A,08 12 20 35 37,11,1,1,False,はずれ,0.65678,0.665782,core4_seen_balanced,120,24,36,01 16 20 23 30 40,17,35,35
36,2001-06-07,2,08 12 19 20 35 37,A,08 12 20 35 37,19,1,1,False,はずれ,0.656439,0.665782,core4_seen_balanced,120,24,36,01 16 20 23 30 40,17,35,35
36,2001-06-07,3,08 19 20 35 37 38,B,08 19 20 35 38,37,1,1,False,はずれ,0.632488,0.637929,core4_seen_balanced,120,24,36,01 16 20 23 30 40,17,35,35
36,2001-06-07,4,08 12 19 20 35 38,B,08 19 20 35 38,12,1,1,False,はずれ,0.62922,0.637929,core4_seen_balanced,120,24,36,01 16 20 23 30 40,17,35,35
36,2001-06-07,5,08 11 20 35 37 40,C,11 20 35 37 40,08,2,2,False,はずれ,0.628261,0.630502,core4_seen_balanced,120,24,36,01 16 20 23 30 40,17,35,35
37,2001-06-14,1,08 11 20 30 35 37,A,08 20 30 35 37,11,0,0,False,はずれ,0.631393,0.638785,core4_seen_balanced,120,24,36,03 05 09 17 21 41,26,36,36
37,2001-06-14,2,08 12 20 30 35 37,A,08 20 30 35 37,12,0,0,False,はずれ,0.627863,0.638785,core4_seen_balanced,120,24,36,03 05 09 17 21 41,26,36,36
37,2001-06-14,3,08 11 12 20 35 37,B,08 11 12 20 35,37,0,0,False,はずれ,0.622061,0.624954,core4_seen_balanced,120,24,36,03 05 09 17 21 41,26,36,36
37,2001-06-14,4,08 11 12 20 35 41,B,08 11 12 20 35,41,0,1,False,はずれ,0.611704,0.624954,core4_seen_balanced,120,24,36,03 05 09 17 21 41,26,36,36
37,2001-06-14,5,12 19 20 35 37 40,C,12 20 35 37 40,19,0,0,False,はずれ,0.605055,0.620458,core4_seen_balanced,120,24,36,03 05 09 17 21 41,26,36,36
38,2001-06-21,1,08 11 20 30 35 37,A,08 20 30 35 37,11,0,0,False,はずれ,0.63372,0.641068,core4_seen_balanced,120,24,36,02 09 26 27 34 43,42,37,37
38,2001-06-21,2,08 20 30 35 37 41,A,08 20 30 35 37,41,0,0,False,はずれ,0.633505,0.641068,core4_seen_balanced,120,24,36,02 09 26 27 34 43,42,37,37
38,2001-06-21,3,08 11 12 20 35 37,B,08 11 12 20 35,37,0,0,False,はずれ,0.624318,0.627066,core4_seen_balanced,120,24,36,02 09 26 27 34 43,42,37,37
38,2001-06-21,4,08 11 12 20 35 38,B,08 11 12 20 35,38,0,0,False,はずれ,0.611872,0.627066,core4_seen_balanced,120,24,36,02 09 26 27 34 43,42,37,37
38,2001-06-21,5,12 19 20 35 37 40,C,12 20 35 37 40,19,0,0,False,はずれ,0.607362,0.622689,core4_seen_balanced,120,24,36,02 09 26 27 34 43,42,37,37
39,2001-06-28,1,08 11 20 30 35 37,A,08 20 30 35 37,11,0,0,False,はずれ,0.635927,0.643235,core4_seen_balanced,120,24,36,10 18 22 25 39 42,17,38,38
39,2001-06-28,2,08 20 30 35 37 41,A,08 20 30 35 37,41,0,0,False,はずれ,0.635822,0.643235,core4_seen_balanced,120,24,36,10 18 22 25 39 42,17,38,38
39,2001-06-28,3,08 11 12 20 35 37,B,08 11 12 20 35,37,0,0,False,はずれ,0.626459,0.62907,core4_seen_balanced,120,24,36,10 18 22 25 39 42,17,38,38
39,2001-06-28,4,08 11 12 20 35 43,B,08 11 12 20 35,43,0,0,False,はずれ,0.618119,0.62907,core4_seen_balanced,120,24,36,10 18 22 25 39 42,17,38,38
39,2001-06-28,5,12 19 20 35 37 40,C,12 20 35 37 40,19,0,0,False,はずれ,0.609551,0.624805,core4_seen_balanced,120,24,36,10 18 22 25 39 42,17,38,38
40,2001-07-05,1,08 20 30 35 37 41,A,08 20 30 35 37,41,0,0,False,はずれ,0.638024,0.645293,core4_seen_balanced,120,24,36,05 17 25 34 38 39,02,39,39
40,2001-07-05,2,08 11 20 30 35 37,A,08 20 30 35 37,11,0,0,False,はずれ,0.638024,0.645293,core4_seen_balanced,120,24,36,05 17 25 34 38 39,02,39,39
40,2001-07-05,3,08 11 12 20 35 37,B,08 11 12 20 35,37,0,0,False,はずれ,0.628494,0.630973,core4_seen_balanced,120,24,36,05 17 25 34 38 39,02,39,39
40,2001-07-05,4,08 11 12 20 35 43,B,08 11 12 20 35,43,0,0,False,はずれ,0.6202,0.630973,core4_seen_balanced,120,24,36,05 17 25 34 38 39,02,39,39
40,2001-07-05,5,12 19 20 35 37 40,C,12 20 35 37 40,19,0,0,False,はずれ,0.611631,0.626816,core4_seen_balanced,120,24,36,05 17 25 34 38 39,02,39,39
41,2001-07-12,1,08 20 30 35 37 41,A,08 20 30 35 37,41,0,0,False,はずれ,0.640118,0.647251,core4_seen_balanced,120,24,36,18 21 27 33 36 38,23,40,40
41,2001-07-12,2,08 11 20 30 35 37,A,08 20 30 35 37,11,0,0,False,はずれ,0.640018,0.647251,core4_seen_balanced,120,24,36,18 21 27 33 36 38,23,40,40
41,2001-07-12,3,08 12 20 25 35 37,B,08 12 20 25 35,37,0,0,False,はずれ,0.636198,0.633352,core4_seen_balanced,120,24,36,18 21 27 33 36 38,23,40,40
41,2001-07-12,4,08 12 20 25 35 38,B,08 12 20 25 35,38,0,1,False,はずれ,0.626211,0.633352,core4_seen_balanced,120,24,36,18 21 27 33 36 38,23,40,40
41,2001-07-12,5,12 20 25 35 37 40,C,12 20 35 37 40,25,0,0,False,はずれ,0.614786,0.628729,core4_seen_balanced,120,24,36,18 21 27 33 36 38,23,40,40
42,2001-07-19,1,08 20 30 35 37 41,A,08 20 30 35 37,41,1,1,False,はずれ,0.642112,0.649116,core4_seen_balanced,120,24,36,04 15 21 24 33 37,09,41,41
42,2001-07-19,2,08 11 20 30 35 37,A,08 20 30 35 37,11,1,1,False,はずれ,0.641918,0.649116,core4_seen_balanced,120,24,36,04 15 21 24 33 37,09,41,41
42,2001-07-19,3,08 12 20 25 35 37,B,08 12 20 25 35,37,0,1,False,はずれ,0.638151,0.635206,core4_seen_balanced,120,24,36,04 15 21 24 33 37,09,41,41
42,2001-07-19,4,08 12 20 25 35 38,B,08 12 20 25 35,38,0,0,False,はずれ,0.635956,0.635206,core4_seen_balanced,120,24,36,04 15 21 24 33 37,09,41,41
42,2001-07-19,5,08 12 19 20 35 38,C,08 19 20 35 38,12,0,0,False,はずれ,0.619415,0.631359,core4_seen_balanced,120,24,36,04 15 21 24 33 37,09,41,41
43,2001-07-26,1,08 12 20 35 37 41,A,08 12 20 35 37,41,0,0,False,はずれ,0.653623,0.660132,core4_seen_balanced,120,24,36,01 02 03 15 24 26,27,42,42
43,2001-07-26,2,08 12 20 21 35 37,A,08 12 20 35 37,21,0,0,False,はずれ,0.650423,0.660132,core4_seen_balanced,120,24,36,01 02 03 15 24 26,27,42,42
43,2001-07-26,3,08 11 20 35 37 40,B,11 20 35 37 40,08,0,0,False,はずれ,0.631601,0.638647,core4_seen_balanced,120,24,36,01 02 03 15 24 26,27,42,42
43,2001-07-26,4,11 20 35 37 38 40,B,11 20 35 37 40,38,0,0,False,はずれ,0.629505,0.638647,core4_seen_balanced,120,24,36,01 02 03 15 24 26,27,42,42
43,2001-07-26,5,08 19 20 35 37 38,C,08 19 20 35 38,37,0,0,False,はずれ,0.632443,0.638465,core4_seen_balanced,120,24,36,01 02 03 15 24 26,27,42,42
44,2001-08-02,1,08 12 20 35 37 41,A,08 12 20 35 37,41,0,0,False,はずれ,0.646031,0.65325,core4_seen_balanced,120,24,36,03 16 24 31 34 42,36,43,43
44,2001-08-02,2,08 12 20 35 37 38,A,08 12 20 35 37,38,0,0,False,はずれ,0.643868,0.65325,core4_seen_balanced,120,24,36,03 16 24 31 34 42,36,43,43
44,2001-08-02,3,08 11 20 35 37 40,B,11 20 35 37 40,08,0,0,False,はずれ,0.622813,0.631823,core4_seen_balanced,120,24,36,03 16 24 31 34 42,36,43,43
44,2001-08-02,4,11 12 20 35 37 40,B,11 20 35 37 40,12,0,0,False,はずれ,0.618403,0.631823,core4_seen_balanced,120,24,36,03 16 24 31 34 42,36,43,43
44,2001-08-02,5,08 19 20 35 37 38,C,08 19 20 35 38,37,0,0,False,はずれ,0.626124,0.631584,core4_seen_balanced,120,24,36,03 16 24 31 34 42,36,43,43
45,2001-08-09,1,08 12 20 35 37 41,A,08 12 20 35 37,41,0,0,True,はずれ,0.648446,0.655471,core4_seen_balanced,120,24,36,07 09 28 32 36 38,08,44,44
45,2001-08-09,2,08 12 20 35 37 38,A,08 12 20 35 37,38,0,1,True,はずれ,0.646386,0.655471,core4_seen_balanced,120,24,36,07 09 28 32 36 38,08,44,44
45,2001-08-09,3,11 16 20 35 37 40,B,16 20 35 37 40,11,0,0,False,はずれ,0.624338,0.634538,core4_seen_balanced,120,24,36,07 09 28 32 36 38,08,44,44
45,2001-08-09,4,16 20 21 35 37 40,B,16 20 35 37 40,21,0,0,False,はずれ,0.620869,0.634538,core4_seen_balanced,120,24,36,07 09 28 32 36 38,08,44,44
45,2001-08-09,5,08 19 20 35 37 38,C,08 19 20 35 38,37,1,1,True,はずれ,0.628668,0.633804,core4_seen_balanced,120,24,36,07 09 28 32 36 38,08,44,44
46,2001-08-16,1,08 12 20 35 37 38,A,08 12 20 35 37,38,0,0,False,はずれ,0.656335,0.657533,core4_seen_balanced,120,24,36,11 14 21 24 25 42,41,45,45
46,2001-08-16,2,08 12 20 35 37 41,A,08 12 20 35 37,41,0,0,True,はずれ,0.650689,0.657533,core4_seen_balanced,120,24,36,11 14 21 24 25 42,41,45,45
46,2001-08-16,3,08 19 20 35 37 38,B,08 19 20 35 38,37,0,0,False,はずれ,0.63769,0.643655,core4_seen_balanced,120,24,36,11 14 21 24 25 42,41,45,45
46,2001-08-16,4,08 11 19 20 35 38,B,08 19 20 35 38,11,0,1,False,はずれ,0.633583,0.643655,core4_seen_balanced,120,24,36,11 14 21 24 25 42,41,45,45
46,2001-08-16,5,08 11 20 35 37 38,C,11 20 35 37 38,08,1,1,False,はずれ,0.625756,0.637562,core4_seen_balanced,120,24,36,11 14 21 24 25 42,41,45,45
47,2001-08-23,1,08 12 20 35 37 38,A,08 12 20 35 37,38,0,0,False,はずれ,0.672402,0.67508,core4_seen_balanced,120,24,36,03 11 14 25 27 31,22,46,46
47,2001-08-23,2,08 12 20 21 35 37,A,08 12 20 35 37,21,0,0,False,はずれ,0.669679,0.67508,core4_seen_balanced,120,24,36,03 11 14 25 27 31,22,46,46
47,2001-08-23,3,08 20 21 35 37 38,B,08 20 21 35 38,37,0,0,False,はずれ,0.654793,0.661372,core4_seen_balanced,120,24,36,03 11 14 25 27 31,22,46,46
47,2001-08-23,4,08 20 21 35 38 41,B,08 20 21 35 38,41,0,0,False,はずれ,0.651322,0.661372,core4_seen_balanced,120,24,36,03 11 14 25 27 31,22,46,46
47,2001-08-23,5,08 12 19 20 30 35,C,08 19 20 30 35,12,0,0,False,はずれ,0.63639,0.648676,core4_seen_balanced,120,24,36,03 11 14 25 27 31,22,46,46
48,2001-08-30,1,08 12 20 25 35 37,A,08 12 20 35 37,25,0,0,False,はずれ,0.674896,0.676535,core4_seen_balanced,120,24,36,02 05 28 30 33 40,26,47,47
48,2001-08-30,2,08 12 20 35 37 38,A,08 12 20 35 37,38,0,0,False,はずれ,0.674595,0.676535,core4_seen_balanced,120,24,36,02 05 28 30 33 40,26,47,47
48,2001-08-30,3,08 11 20 25 35 38,B,08 20 25 35 38,11,0,0,False,はずれ,0.668499,0.66901,core4_seen_balanced,120,24,36,02 05 28 30 33 40,26,47,47
48,2001-08-30,4,08 20 25 35 37 38,B,08 20 25 35 38,37,0,0,False,はずれ,0.665376,0.66901,core4_seen_balanced,120,24,36,02 05 28 30 33 40,26,47,47
48,2001-08-30,5,08 11 20 21 35 38,C,08 11 20 21 35,38,0,0,False,はずれ,0.652789,0.663714,core4_seen_balanced,120,24,36,02 05 28 30 33 40,26,47,47
49,2001-09-06,1,08 12 20 25 35 37,A,08 12 20 35 37,25,0,0,True,はずれ,0.676964,0.677838,core4_seen_balanced,120,24,36,02 13 21 31 32 41,35,48,48
49,2001-09-06,2,08 12 20 35 37 38,A,08 12 20 35 37,38,0,0,True,はずれ,0.676557,0.677838,core4_seen_balanced,120,24,36,02 13 21 31 32 41,35,48,48
49,2001-09-06,3,08 11 20 25 35 38,B,08 20 25 35 38,11,0,0,True,はずれ,0.671542,0.671452,core4_seen_balanced,120,24,36,02 13 21 31 32 41,35,48,48
49,2001-09-06,4,08 20 25 35 37 38,B,08 20 25 35 38,37,0,0,True,はずれ,0.668154,0.671452,core4_seen_balanced,120,24,36,02 13 21 31 32 41,35,48,48
49,2001-09-06,5,08 11 20 21 35 38,C,11 20 21 35 38,08,1,1,True,はずれ,0.655073,0.666282,core4_seen_balanced,120,24,36,02 13 21 31 32 41,35,48,48
50,2001-09-13,1,08 20 21 35 37 38,A,08 20 21 35 37,38,0,0,False,はずれ,0.686524,0.688244,core4_seen_balanced,120,24,36,05 13 15 25 27 39,40,49,49
50,2001-09-13,2,08 11 20 21 35 37,A,08 20 21 35 37,11,0,0,False,はずれ,0.67788,0.688244,core4_seen_balanced,120,24,36,05 13 15 25 27 39,40,49,49
50,2001-09-13,3,08 11 20 21 35 38,B,11 20 21 35 38,08,0,0,False,はずれ,0.665507,0.678262,core4_seen_balanced,120,24,36,05 13 15 25 27 39,40,49,49
50,2001-09-13,4,11 20 21 25 35 38,B,11 20 21 35 38,25,0,1,False,はずれ,0.664901,0.678262,core4_seen_balanced,120,24,36,05 13 15 25 27 39,40,49,49
50,2001-09-13,5,08 20 21 25 35 38,C,08 20 25 35 38,21,1,1,False,はずれ,0.676684,0.67365,core4_seen_balanced,120,24,36,05 13 15 25 27 39,40,49,49
51,2001-09-20,1,08 20 21 35 37 38,A,08 20 21 35 37,38,1,2,False,はずれ,0.688877,0.690189,core4_seen_balanced,120,24,36,07 15 24 37 38 41,34,50,50
51,2001-09-20,2,08 20 21 25 35 37,A,08 20 21 35 37,25,1,1,False,はずれ,0.685306,0.690189,core4_seen_balanced,120,24,36,07 15 24 37 38 41,34,50,50
51,2001-09-20,3,08 20 21 25 35 38,B,08 20 25 35 38,21,1,1,False,はずれ,0.687181,0.684918,core4_seen_balanced,120,24,36,07 15 24 37 38 41,34,50,50
51,2001-09-20,4,08 11 20 25 35 38,B,08 20 25 35 38,11,1,1,False,はずれ,0.684691,0.684918,core4_seen_balanced,120,24,36,07 15 24 37 38 41,34,50,50
51,2001-09-20,5,08 11 20 21 35 38,C,11 20 21 35 38,08,1,1,False,はずれ,0.667984,0.680958,core4_seen_balanced,120,24,36,07 15 24 37 38 41,34,50,50
52,2001-09-27,1,08 20 25 35 37 38,A,08 20 35 37 38,25,0,1,False,はずれ,0.647273,0.651147,core4_seen_balanced,120,24,36,01 16 24 25 36 42,21,51,51
52,2001-09-27,2,08 20 21 35 37 38,A,08 20 35 37 38,21,0,0,True,はずれ,0.644124,0.651147,core4_seen_balanced,120,24,36,01 16 24 25 36 42,21,51,51
52,2001-09-27,3,08 12 20 25 35 38,B,08 12 20 25 35,38,1,1,False,はずれ,0.650315,0.642457,core4_seen_balanced,120,24,36,01 16 24 25 36 42,21,51,51
52,2001-09-27,4,08 12 20 25 35 37,B,08 12 20 25 35,37,1,1,False,はずれ,0.647448,0.642457,core4_seen_balanced,120,24,36,01 16 24 25 36 42,21,51,51
52,2001-09-27,5,11 20 21 35 38 41,C,11 20 21 35 38,41,0,0,True,はずれ,0.630238,0.63957,core4_seen_balanced,120,24,36,01 16 24 25 36 42,21,51,51
53,2001-10-04,1,08 20 25 35 37 38,A,08 20 25 35 37,38,1,1,True,はずれ,0.664145,0.660024,core4_seen_balanced,120,24,36,02 15 23 37 40 43,25,52,52
53,2001-10-04,2,08 20 25 35 37 41,A,08 20 25 35 37,41,1,1,True,はずれ,0.652852,0.660024,core4_seen_balanced,120,24,36,02 15 23 37 40 43,25,52,52
53,2001-10-04,3,11 20 21 25 35 38,B,11 20 25 35 38,21,0,0,True,はずれ,0.642787,0.650046,core4_seen_balanced,120,24,36,02 15 23 37 40 43,25,52,52
53,2001-10-04,4,08 11 20 25 35 38,B,11 20 25 35 38,08,0,0,True,はずれ,0.640001,0.650046,core4_seen_balanced,120,24,36,02 15 23 37 40 43,25,52,52
53,2001-10-04,5,08 20 21 25 35 38,C,08 20 21 35 38,25,0,0,True,はずれ,0.65098,0.642778,core4_seen_balanced,120,24,36,02 15 23 37 40 43,25,52,52
54,2001-10-11,1,08 20 25 35 37 38,A,08 20 25 35 37,38,2,2,False,はずれ,0.651876,0.6456,core4_seen_balanced,120,24,36,14 25 26 31 37 42,07,53,53
54,2001-10-11,2,08 20 25 35 37 41,A,08 20 25 35 37,41,2,2,False,はずれ,0.64095,0.6456,core4_seen_balanced,120,24,36,14 25 26 31 37 42,07,53,53
54,2001-10-11,3,11 20 25 35 37 38,B,11 20 25 37 38,35,2,2,False,はずれ,0.635151,0.63792,core4_seen_balanced,120,24,36,14 25 26 31 37 42,07,53,53
54,2001-10-11,4,11 20 21 25 37 38,B,11 20 25 37 38,21,2,2,False,はずれ,0.627498,0.63792,core4_seen_balanced,120,24,36,14 25 26 31 37 42,07,53,53
54,2001-10-11,5,20 21 25 37 38 41,C,20 21 37 38 41,25,1,2,False,はずれ,0.621882,0.624747,core4_seen_balanced,120,24,36,14 25 26 31 37 42,07,53,53
55,2001-10-18,1,08 20 25 35 37 38,A,08 20 25 35 37,38,1,1,False,はずれ,0.630287,0.630247,core4_seen_balanced,120,24,36,11 12 13 14 37 39,28,54,54
55,2001-10-18,2,08 20 25 35 37 41,A,08 20 25 35 37,41,1,1,False,はずれ,0.620495,0.630247,core4_seen_balanced,120,24,36,11 12 13 14 37 39,28,54,54
55,2001-10-18,3,11 20 25 35 37 42,B,11 20 25 37 42,35,2,2,False,はずれ,0.62239,0.62612,core4_seen_balanced,120,24,36,11 12 13 14 37 39,28,54,54
55,2001-10-18,4,11 16 20 25 37 42,B,11 20 25 37 42,16,2,2,False,はずれ,0.615062,0.62612,core4_seen_balanced,120,24,36,11 12 13 14 37 39,28,54,54
55,2001-10-18,5,20 21 25 37 38 41,C,20 25 37 38 41,21,1,1,False,はずれ,0.596474,0.612951,core4_seen_balanced,120,24,36,11 12 13 14 37 39,28,54,54
56,2001-10-25,1,11 20 25 37 38 42,A,11 20 25 37 42,38,2,2,False,はずれ,0.604697,0.609719,core4_seen_balanced,120,24,36,10 13 25 31 32 42,40,55,55
56,2001-10-25,2,11 20 25 35 37 42,A,11 20 25 37 42,35,2,2,False,はずれ,0.602867,0.609719,core4_seen_balanced,120,24,36,10 13 25 31 32 42,40,55,55
56,2001-10-25,3,08 11 20 25 35 37,B,08 20 25 35 37,11,1,1,False,はずれ,0.596916,0.607147,core4_seen_balanced,120,24,36,10 13 25 31 32 42,40,55,55
56,2001-10-25,4,08 20 25 35 37 41,B,08 20 25 35 37,41,1,1,False,はずれ,0.595013,0.607147,core4_seen_balanced,120,24,36,10 13 25 31 32 42,40,55,55
56,2001-10-25,5,08 20 25 37 38 41,C,20 25 37 38 41,08,1,1,False,はずれ,0.56958,0.586353,core4_seen_balanced,120,24,36,10 13 25 31 32 42,40,55,55
57,2001-11-01,1,11 20 25 37 38 42,A,11 20 25 37 42,38,1,1,False,はずれ,0.623702,0.631355,core4_seen_balanced,120,24,36,02 14 22 27 35 42,34,56,56
57,2001-11-01,2,11 20 25 35 37 42,A,11 20 25 37 42,35,1,2,False,はずれ,0.621304,0.631355,core4_seen_balanced,120,24,36,02 14 22 27 35 42,34,56,56
57,2001-11-01,3,08 20 25 35 37 42,B,08 20 25 35 37,42,1,2,False,はずれ,0.606725,0.615763,core4_seen_balanced,120,24,36,02 14 22 27 35 42,34,56,56
57,2001-11-01,4,08 11 20 25 35 37,B,08 20 25 35 37,11,1,1,False,はずれ,0.604954,0.615763,core4_seen_balanced,120,24,36,02 14 22 27 35 42,34,56,56
57,2001-11-01,5,13 20 25 37 38 42,C,13 25 37 38 42,20,1,1,False,はずれ,0.608348,0.612842,core4_seen_balanced,120,24,36,02 14 22 27 35 42,34,56,56
58,2001-11-08,1,11 20 25 37 38 42,A,11 20 25 37 42,38,1,1,False,はずれ,0.625704,0.635033,core4_seen_balanced,120,24,36,04 08 09 13 16 25,28,57,57
58,2001-11-08,2,11 13 20 25 37 42,A,11 20 25 37 42,13,1,2,False,はずれ,0.615946,0.635033,core4_seen_balanced,120,24,36,04 08 09 13 16 25,28,57,57
58,2001-11-08,3,13 20 25 37 38 42,B,13 25 37 38 42,20,2,2,False,はずれ,0.610237,0.617447,core4_seen_balanced,120,24,36,04 08 09 13 16 25,28,57,57
58,2001-11-08,4,11 13 25 37 38 42,B,13 25 37 38 42,11,2,2,False,はずれ,0.596527,0.617447,core4_seen_balanced,120,24,36,04 08 09 13 16 25,28,57,57
58,2001-11-08,5,16 21 25 37 40 42,C,16 25 37 40 42,21,2,2,False,はずれ,0.58779,0.598916,core4_seen_balanced,120,24,36,04 08 09 13 16 25,28,57,57
59,2001-11-15,1,11 20 25 37 38 42,A,11 20 25 37 42,38,0,0,False,はずれ,0.598801,0.610399,core4_seen_balanced,120,24,36,09 15 17 30 32 41,31,58,58
59,2001-11-15,2,11 13 20 25 37 42,A,11 20 25 37 42,13,0,0,False,はずれ,0.597425,0.610399,core4_seen_balanced,120,24,36,09 15 17 30 32 41,31,58,58
59,2001-11-15,3,13 20 25 37 38 42,B,13 25 37 38 42,20,0,0,False,はずれ,0.593473,0.604105,core4_seen_balanced,120,24,36,09 15 17 30 32 41,31,58,58
59,2001-11-15,4,13 16 25 37 38 42,B,13 25 37 38 42,16,0,0,False,はずれ,0.580356,0.604105,core4_seen_balanced,120,24,36,09 15 17 30 32 41,31,58,58
59,2001-11-15,5,11 16 25 37 40 42,C,16 25 37 40 42,11,0,0,False,はずれ,0.572068,0.585656,core4_seen_balanced,120,24,36,09 15 17 30 32 41,31,58,58
60,2001-11-22,1,11 20 25 37 38 42,A,11 20 25 37 42,38,2,2,False,はずれ,0.601439,0.612936,core4_seen_balanced,120,24,36,20 21 23 28 30 42,29,59,59
60,2001-11-22,2,11 13 20 25 37 42,A,11 20 25 37 42,13,2,2,False,はずれ,0.600219,0.612936,core4_seen_balanced,120,24,36,20 21 23 28 30 42,29,59,59
60,2001-11-22,3,13 20 25 37 38 42,B,13 25 37 38 42,20,1,2,False,はずれ,0.596127,0.607053,core4_seen_balanced,120,24,36,20 21 23 28 30 42,29,59,59
60,2001-11-22,4,13 16 25 37 38 42,B,13 25 37 38 42,16,1,1,False,はずれ,0.583502,0.607053,core4_seen_balanced,120,24,36,20 21 23 28 30 42,29,59,59
60,2001-11-22,5,11 16 25 37 40 42,C,16 25 37 40 42,11,1,1,False,はずれ,0.575186,0.588651,core4_seen_balanced,120,24,36,20 21 23 28 30 42,29,59,59
61,2001-11-29,1,11 20 25 37 38 42,A,11 20 25 37 42,38,1,1,False,はずれ,0.607944,0.620104,core4_seen_balanced,120,24,36,04 08 22 25 27 28,06,60,60
61,2001-11-29,2,11 13 20 25 37 42,A,11 20 25 37 42,13,1,1,False,はずれ,0.60687,0.620104,core4_seen_balanced,120,24,36,04 08 22 25 27 28,06,60,60
61,2001-11-29,3,13 20 25 37 38 42,B,13 25 37 38 42,20,1,1,False,はずれ,0.598303,0.616301,core4_seen_balanced,120,24,36,04 08 22 25 27 28,06,60,60
61,2001-11-29,4,13 21 25 37 38 42,B,13 25 37 38 42,21,1,1,False,はずれ,0.592319,0.616301,core4_seen_balanced,120,24,36,04 08 22 25 27 28,06,60,60
61,2001-11-29,5,11 16 25 37 40 42,C,16 25 37 40 42,11,1,1,False,はずれ,0.58365,0.597941,core4_seen_balanced,120,24,36,04 08 22 25 27 28,06,60,60
62,2001-12-06,1,11 20 25 37 38 42,A,11 20 25 37 42,38,0,0,True,はずれ,0.584505,0.598284,core4_seen_balanced,120,24,36,02 03 09 12 15 30,42,61,61
62,2001-12-06,2,11 13 20 25 37 42,A,11 20 25 37 42,13,0,0,True,はずれ,0.583568,0.598284,core4_seen_balanced,120,24,36,02 03 09 12 15 30,42,61,61
62,2001-12-06,3,13 20 25 37 38 42,B,13 25 37 38 42,20,0,0,True,はずれ,0.574289,0.593602,core4_seen_balanced,120,24,36,02 03 09 12 15 30,42,61,61
62,2001-12-06,4,13 16 25 37 38 42,B,13 25 37 38 42,16,0,0,True,はずれ,0.56868,0.593602,core4_seen_balanced,120,24,36,02 03 09 12 15 30,42,61,61
62,2001-12-06,5,16 21 25 37 40 42,C,16 25 37 40 42,21,0,0,True,はずれ,0.562702,0.57756,core4_seen_balanced,120,24,36,02 03 09 12 15 30,42,61,61
63,2001-12-13,1,11 20 25 37 38 42,A,11 20 25 37 42,38,2,2,False,はずれ,0.587145,0.600922,core4_seen_balanced,120,24,36,11 16 20 28 34 40,22,62,62
63,2001-12-13,2,11 13 20 25 37 42,A,11 20 25 37 42,13,2,2,False,はずれ,0.586335,0.600922,core4_seen_balanced,120,24,36,11 16 20 28 34 40,22,62,62
63,2001-12-13,3,13 20 25 37 38 42,B,13 25 37 38 42,20,0,1,False,はずれ,0.576996,0.596128,core4_seen_balanced,120,24,36,11 16 20 28 34 40,22,62,62
63,2001-12-13,4,02 13 25 37 38 42,B,13 25 37 38 42,02,0,0,False,はずれ,0.574376,0.596128,core4_seen_balanced,120,24,36,11 16 20 28 34 40,22,62,62
63,2001-12-13,5,16 21 25 37 40 42,C,16 25 37 40 42,21,2,2,False,はずれ,0.565441,0.580123,core4_seen_balanced,120,24,36,11 16 20 28 34 40,22,62,62
64,2001-12-20,1,11 16 20 25 37 42,A,11 20 25 37 42,16,0,0,False,はずれ,0.604739,0.617199,core4_seen_balanced,120,24,36,02 14 19 22 32 41,09,63,63
64,2001-12-20,2,11 20 25 37 38 42,A,11 20 25 37 42,38,0,0,False,はずれ,0.60136,0.617199,core4_seen_balanced,120,24,36,02 14 19 22 32 41,09,63,63
64,2001-12-20,3,13 20 25 37 38 42,B,13 25 37 38 42,20,0,0,False,はずれ,0.58531,0.598501,core4_seen_balanced,120,24,36,02 14 19 22 32 41,09,63,63
64,2001-12-20,4,02 13 25 37 38 42,B,13 25 37 38 42,02,0,1,False,はずれ,0.576954,0.598501,core4_seen_balanced,120,24,36,02 14 19 22 32 41,09,63,63
64,2001-12-20,5,13 16 25 37 40 42,C,16 25 37 40 42,13,0,0,False,はずれ,0.581679,0.59408,core4_seen_balanced,120,24,36,02 14 19 22 32 41,09,63,63
65,2001-12-27,1,02 11 20 25 37 42,A,11 20 25 37 42,02,0,1,False,はずれ,0.60927,0.620327,core4_seen_balanced,120,24,36,02 10 22 23 31 43,28,64,64
65,2001-12-27,2,11 16 20 25 37 42,A,11 20 25 37 42,16,0,0,False,はずれ,0.607981,0.620327,core4_seen_balanced,120,24,36,02 10 22 23 31 43,28,64,64
65,2001-12-27,3,13 20 25 37 38 42,B,13 25 37 38 42,20,0,0,False,はずれ,0.588807,0.601928,core4_seen_balanced,120,24,36,02 10 22 23 31 43,28,64,64
65,2001-12-27,4,13 25 30 37 38 42,B,13 25 37 38 42,30,0,0,False,はずれ,0.580355,0.601928,core4_seen_balanced,120,24,36,02 10 22 23 31 43,28,64,64
65,2001-12-27,5,13 16 25 37 40 42,C,16 25 37 40 42,13,0,0,False,はずれ,0.585006,0.597208,core4_seen_balanced,120,24,36,02 10 22 23 31 43,28,64,64
66,2002-01-10,1,02 11 20 25 37 42,A,11 20 25 37 42,02,0,0,False,はずれ,0.608807,0.613712,core4_seen_balanced,120,24,36,07 15 17 30 33 35,14,65,65
66,2002-01-10,2,11 16 20 25 37 42,A,11 20 25 37 42,16,0,0,False,はずれ,0.59989,0.613712,core4_seen_balanced,120,24,36,07 15 17 30 33 35,14,65,65
66,2002-01-10,3,13 20 25 37 38 42,B,13 25 37 38 42,20,0,0,False,はずれ,0.580553,0.594254,core4_seen_balanced,120,24,36,07 15 17 30 33 35,14,65,65
66,2002-01-10,4,13 25 30 37 38 42,B,13 25 37 38 42,30,0,1,False,はずれ,0.571343,0.594254,core4_seen_balanced,120,24,36,07 15 17 30 33 35,14,65,65
66,2002-01-10,5,13 16 25 37 40 42,C,16 25 37 40 42,13,0,0,False,はずれ,0.575531,0.589074,core4_seen_balanced,120,24,36,07 15 17 30 33 35,14,65,65
67,2002-01-17,1,02 11 20 25 37 42,A,11 20 25 37 42,02,2,2,False,はずれ,0.611348,0.616061,core4_seen_balanced,120,24,36,01 04 06 11 18 25,03,66,66
67,2002-01-17,2,11 20 25 30 37 42,A,11 20 25 37 42,30,2,2,False,はずれ,0.603775,0.616061,core4_seen_balanced,120,24,36,01 04 06 11 18 25,03,66,66
67,2002-01-17,3,13 20 25 37 38 42,B,13 25 37 38 42,20,1,1,False,はずれ,0.582822,0.596322,core4_seen_balanced,120,24,36,01 04 06 11 18 25,03,66,66
67,2002-01-17,4,13 15 25 37 38 42,B,13 25 37 38 42,15,1,1,False,はずれ,0.577179,0.596322,core4_seen_balanced,120,24,36,01 04 06 11 18 25,03,66,66
67,2002-01-17,5,13 16 25 37 40 42,C,16 25 37 40 42,13,1,1,False,はずれ,0.577959,0.591423,core4_seen_balanced,120,24,36,01 04 06 11 18 25,03,66,66
68,2002-01-24,1,02 11 20 25 37 42,A,11 20 25 37 42,02,1,1,False,はずれ,0.596714,0.604464,core4_seen_balanced,120,24,36,16 23 30 35 37 39,38,67,67
68,2002-01-24,2,11 20 25 30 37 42,A,11 20 25 37 42,30,1,2,False,はずれ,0.58914,0.604464,core4_seen_balanced,120,24,36,16 23 30 35 37 39,38,67,67
68,2002-01-24,3,13 20 25 37 38 42,B,13 25 37 38 42,20,1,1,True,はずれ,0.560169,0.575276,core4_seen_balanced,120,24,36,16 23 30 35 37 39,38,67,67
68,2002-01-24,4,11 13 25 37 38 42,B,13 25 37 38 42,11,1,1,True,はずれ,0.557086,0.575276,core4_seen_balanced,120,24,36,16 23 30 35 37 39,38,67,67
68,2002-01-24,5,13 16 25 37 40 42,C,16 25 37 40 42,13,2,2,False,はずれ,0.556698,0.571136,core4_seen_balanced,120,24,36,16 23 30 35 37 39,38,67,67
69,2002-01-31,1,02 11 20 25 37 42,A,11 20 25 37 42,02,0,0,False,はずれ,0.599759,0.607456,core4_seen_balanced,120,24,36,01 09 31 35 40 41,14,68,68
69,2002-01-31,2,11 20 25 30 37 42,A,11 20 25 37 42,30,0,0,False,はずれ,0.599074,0.607456,core4_seen_balanced,120,24,36,01 09 31 35 40 41,14,68,68
69,2002-01-31,3,16 20 25 35 37 42,B,16 25 35 37 42,20,1,1,False,はずれ,0.577933,0.586741,core4_seen_balanced,120,24,36,01 09 31 35 40 41,14,68,68
69,2002-01-31,4,11 16 25 35 37 42,B,16 25 35 37 42,11,1,1,False,はずれ,0.570985,0.586741,core4_seen_balanced,120,24,36,01 09 31 35 40 41,14,68,68
69,2002-01-31,5,13 16 25 30 37 42,C,13 25 30 37 42,16,0,0,False,はずれ,0.572981,0.584111,core4_seen_balanced,120,24,36,01 09 31 35 40 41,14,68,68
70,2002-02-07,1,02 11 20 25 37 42,A,11 20 25 37 42,02,2,2,False,はずれ,0.602235,0.609813,core4_seen_balanced,120,24,36,06 11 20 23 24 31,17,69,69
70,2002-02-07,2,11 20 25 30 37 42,A,11 20 25 37 42,30,2,2,False,はずれ,0.601592,0.609813,core4_seen_balanced,120,24,36,06 11 20 23 24 31,17,69,69
70,2002-02-07,3,16 20 25 35 37 42,B,16 25 35 37 42,20,0,1,False,はずれ,0.586505,0.596263,core4_seen_balanced,120,24,36,06 11 20 23 24 31,17,69,69
70,2002-02-07,4,11 16 25 35 37 42,B,16 25 35 37 42,11,0,1,False,はずれ,0.579616,0.596263,core4_seen_balanced,120,24,36,06 11 20 23 24 31,17,69,69
70,2002-02-07,5,13 16 25 30 37 42,C,13 25 30 37 42,16,0,0,False,はずれ,0.575449,0.586408,core4_seen_balanced,120,24,36,06 11 20 23 24 31,17,69,69
71,2002-02-14,1,02 11 20 25 37 42,A,11 20 25 37 42,02,2,2,False,はずれ,0.617313,0.627012,core4_seen_balanced,120,24,36,01 10 11 13 19 20,03,70,70
71,2002-02-14,2,11 20 25 30 37 42,A,11 20 25 37 42,30,2,2,False,はずれ,0.616712,0.627012,core4_seen_balanced,120,24,36,01 10 11 13 19 20,03,70,70
71,2002-02-14,3,16 20 25 35 37 42,B,16 25 35 37 42,20,0,1,False,はずれ,0.592891,0.59859,core4_seen_balanced,120,24,36,01 10 11 13 19 20,03,70,70
71,2002-02-14,4,11 16 25 35 37 42,B,16 25 35 37 42,11,0,1,False,はずれ,0.588016,0.59859,core4_seen_balanced,120,24,36,01 10 11 13 19 20,03,70,70
71,2002-02-14,5,16 20 25 31 37 42,C,16 20 25 31 42,37,1,1,False,はずれ,0.595867,0.593507,core4_seen_balanced,120,24,36,01 10 11 13 19 20,03,70,70
72,2002-02-21,1,02 11 20 25 37 42,A,11 20 25 37 42,02,1,1,False,はずれ,0.614375,0.623464,core4_seen_balanced,120,24,36,10 12 24 29 33 37,34,71,71
72,2002-02-21,2,11 20 25 30 37 42,A,11 20 25 37 42,30,1,1,False,はずれ,0.613731,0.623464,core4_seen_balanced,120,24,36,10 12 24 29 33 37,34,71,71
72,2002-02-21,3,11 16 20 25 37 40,B,11 16 20 25 40,37,0,1,False,はずれ,0.590588,0.583624,core4_seen_balanced,120,24,36,10 12 24 29 33 37,34,71,71
72,2002-02-21,4,11 16 20 25 35 40,B,11 16 20 25 40,35,0,0,False,はずれ,0.580968,0.583624,core4_seen_balanced,120,24,36,10 12 24 29 33 37,34,71,71
72,2002-02-21,5,11 16 20 25 35 42,C,16 20 25 35 42,11,0,0,False,はずれ,0.590889,0.58333,core4_seen_balanced,120,24,36,10 12 24 29 33 37,34,71,71
73,2002-02-28,1,02 11 20 25 37 42,A,11 20 25 37 42,02,0,0,True,はずれ,0.621151,0.631461,core4_seen_balanced,120,24,36,01 06 15 19 27 36,25,72,72
73,2002-02-28,2,11 20 25 30 37 42,A,11 20 25 37 42,30,0,0,True,はずれ,0.620207,0.631461,core4_seen_balanced,120,24,36,01 06 15 19 27 36,25,72,72
73,2002-02-28,3,16 20 25 35 37 42,B,16 25 35 37 42,20,0,0,True,はずれ,0.589953,0.58829,core4_seen_balanced,120,24,36,01 06 15 19 27 36,25,72,72
73,2002-02-28,4,11 16 25 35 37 42,B,16 25 35 37 42,11,0,0,True,はずれ,0.585242,0.58829,core4_seen_balanced,120,24,36,01 06 15 19 27 36,25,72,72
73,2002-02-28,5,11 16 20 25 37 40,C,11 16 20 25 40,37,0,0,True,はずれ,0.593733,0.581168,core4_seen_balanced,120,24,36,01 06 15 19 27 36,25,72,72
74,2002-03-07,1,02 11 20 25 37 42,A,11 20 25 37 42,02,0,0,False,はずれ,0.624542,0.634799,core4_seen_balanced,120,24,36,03 14 27 28 40 43,39,73,73
74,2002-03-07,2,11 20 25 30 37 42,A,11 20 25 37 42,30,0,0,False,はずれ,0.623706,0.634799,core4_seen_balanced,120,24,36,03 14 27 28 40 43,39,73,73
74,2002-03-07,3,16 20 25 35 37 42,B,16 25 35 37 42,20,0,0,False,はずれ,0.593402,0.591444,core4_seen_balanced,120,24,36,03 14 27 28 40 43,39,73,73
74,2002-03-07,4,11 16 25 35 37 42,B,16 25 35 37 42,11,0,0,False,はずれ,0.588691,0.591444,core4_seen_balanced,120,24,36,03 14 27 28 40 43,39,73,73
74,2002-03-07,5,15 25 30 35 37 42,C,15 25 30 37 42,35,0,0,False,はずれ,0.573509,0.586235,core4_seen_balanced,120,24,36,03 14 27 28 40 43,39,73,73
75,2002-03-14,1,02 11 20 25 37 42,A,11 20 25 37 42,02,0,1,False,はずれ,0.627651,0.637859,core4_seen_balanced,120,24,36,02 04 09 19 23 31,18,74,74
75,2002-03-14,2,11 20 25 30 37 42,A,11 20 25 37 42,30,0,0,False,はずれ,0.626913,0.637859,core4_seen_balanced,120,24,36,02 04 09 19 23 31,18,74,74
75,2002-03-14,3,16 20 25 35 37 42,B,16 25 35 37 42,20,0,0,False,はずれ,0.596564,0.594336,core4_seen_balanced,120,24,36,02 04 09 19 23 31,18,74,74
75,2002-03-14,4,11 16 25 35 37 42,B,16 25 35 37 42,11,0,0,False,はずれ,0.591853,0.594336,core4_seen_balanced,120,24,36,02 04 09 19 23 31,18,74,74
75,2002-03-14,5,11 20 25 30 37 40,C,11 20 30 37 40,25,0,0,False,はずれ,0.612566,0.592536,core4_seen_balanced,120,24,36,02 04 09 19 23 31,18,74,74
76,2002-03-21,1,02 11 20 25 37 42,A,11 20 25 37 42,02,1,1,False,はずれ,0.631418,0.640674,core4_seen_balanced,120,24,36,01 10 12 16 20 35,29,75,75
76,2002-03-21,2,11 20 25 30 37 42,A,11 20 25 37 42,30,1,1,False,はずれ,0.629864,0.640674,core4_seen_balanced,120,24,36,01 10 12 16 20 35,29,75,75
76,2002-03-21,3,16 20 25 35 37 42,B,16 25 35 37 42,20,2,3,False,5等,0.599473,0.596996,core4_seen_balanced,120,24,36,01 10 12 16 20 35,29,75,75
76,2002-03-21,4,11 16 25 35 37 42,B,16 25 35 37 42,11,2,2,False,はずれ,0.594762,0.596996,core4_seen_balanced,120,24,36,01 10 12 16 20 35,29,75,75
76,2002-03-21,5,11 20 25 30 37 40,C,11 20 30 37 40,25,1,1,False,はずれ,0.615883,0.595815,core4_seen_balanced,120,24,36,01 10 12 16 20 35,29,75,75
77,2002-03-28,1,02 11 20 25 37 42,A,11 20 25 37 42,02,1,1,False,はずれ,0.638425,0.648055,core4_seen_balanced,120,24,36,05 10 15 28 37 38,13,76,76
77,2002-03-28,2,11 20 25 30 37 42,A,11 20 25 37 42,30,1,1,False,はずれ,0.636676,0.648055,core4_seen_balanced,120,24,36,05 10 15 28 37 38,13,76,76
77,2002-03-28,3,16 20 25 35 37 42,B,16 20 25 35 42,37,0,1,False,はずれ,0.625373,0.618593,core4_seen_balanced,120,24,36,05 10 15 28 37 38,13,76,76
77,2002-03-28,4,11 16 20 25 35 42,B,16 20 25 35 42,11,0,0,False,はずれ,0.622888,0.618593,core4_seen_balanced,120,24,36,05 10 15 28 37 38,13,76,76
77,2002-03-28,5,11 16 20 25 35 40,C,11 16 20 25 40,35,0,0,False,はずれ,0.609124,0.609835,core4_seen_balanced,120,24,36,05 10 15 28 37 38,13,76,76
78,2002-04-04,1,02 11 20 25 37 42,A,11 20 25 37 42,02,0,0,True,はずれ,0.649152,0.659573,core4_seen_balanced,120,24,36,05 14 23 32 33 43,37,77,77
78,2002-04-04,2,11 20 25 30 37 42,A,11 20 25 37 42,30,0,0,True,はずれ,0.64804,0.659573,core4_seen_balanced,120,24,36,05 14 23 32 33 43,37,77,77
78,2002-04-04,3,16 20 25 35 37 42,B,16 20 25 35 42,37,0,0,True,はずれ,0.636183,0.624955,core4_seen_balanced,120,24,36,05 14 23 32 33 43,37,77,77
78,2002-04-04,4,11 16 20 25 35 42,B,16 20 25 35 42,11,0,0,False,はずれ,0.629571,0.624955,core4_seen_balanced,120,24,36,05 14 23 32 33 43,37,77,77
78,2002-04-04,5,11 16 20 25 35 37,C,11 16 20 35 37,25,0,0,True,はずれ,0.635416,0.616713,core4_seen_balanced,120,24,36,05 14 23 32 33 43,37,77,77
79,2002-04-11,1,02 11 20 25 37 42,A,11 20 25 37 42,02,1,1,False,はずれ,0.65217,0.662296,core4_seen_balanced,120,24,36,20 22 27 32 36 43,23,78,78
79,2002-04-11,2,11 20 25 30 37 42,A,11 20 25 37 42,30,1,1,False,はずれ,0.650828,0.662296,core4_seen_balanced,120,24,36,20 22 27 32 36 43,23,78,78
79,2002-04-11,3,16 20 25 35 37 42,B,16 20 25 35 42,37,1,1,False,はずれ,0.639382,0.627813,core4_seen_balanced,120,24,36,20 22 27 32 36 43,23,78,78
79,2002-04-11,4,11 16 20 25 35 42,B,16 20 25 35 42,11,1,1,False,はずれ,0.632573,0.627813,core4_seen_balanced,120,24,36,20 22 27 32 36 43,23,78,78
79,2002-04-11,5,11 16 20 25 35 37,C,11 16 20 35 37,25,1,1,False,はずれ,0.63889,0.620277,core4_seen_balanced,120,24,36,20 22 27 32 36 43,23,78,78
80,2002-04-18,1,02 11 20 25 37 42,A,11 20 25 37 42,02,0,0,False,はずれ,0.660183,0.670926,core4_seen_balanced,120,24,36,01 04 12 16 19 34,18,79,79
80,2002-04-18,2,11 20 25 30 37 42,A,11 20 25 37 42,30,0,0,False,はずれ,0.65863,0.670926,core4_seen_balanced,120,24,36,01 04 12 16 19 34,18,79,79
80,2002-04-18,3,16 20 25 35 37 42,B,16 20 25 35 42,37,1,1,False,はずれ,0.647561,0.636567,core4_seen_balanced,120,24,36,01 04 12 16 19 34,18,79,79
80,2002-04-18,4,11 16 20 25 35 42,B,16 20 25 35 42,11,1,1,False,はずれ,0.640571,0.636567,core4_seen_balanced,120,24,36,01 04 12 16 19 34,18,79,79
80,2002-04-18,5,11 16 20 25 35 37,C,11 16 20 35 37,25,1,1,False,はずれ,0.647322,0.629681,core4_seen_balanced,120,24,36,01 04 12 16 19 34,18,79,79
81,2002-04-25,1,11 16 20 25 37 42,A,11 20 25 37 42,16,1,1,False,はずれ,0.665964,0.673325,core4_seen_balanced,120,24,36,01 11 15 23 26 27,41,80,80
81,2002-04-25,2,02 11 20 25 37 42,A,11 20 25 37 42,02,1,1,False,はずれ,0.66282,0.673325,core4_seen_balanced,120,24,36,01 11 15 23 26 27,41,80,80
81,2002-04-25,3,16 20 25 35 37 42,B,16 20 25 35 42,37,0,0,False,はずれ,0.65505,0.644577,core4_seen_balanced,120,24,36,01 11 15 23 26 27,41,80,80
81,2002-04-25,4,11 16 20 25 35 42,B,16 20 25 35 42,11,0,1,False,はずれ,0.647893,0.644577,core4_seen_balanced,120,24,36,01 11 15 23 26 27,41,80,80
81,2002-04-25,5,01 11 16 20 25 42,C,01 11 16 20 25,42,2,2,False,はずれ,0.635179,0.638536,core4_seen_balanced,120,24,36,01 11 15 23 26 27,41,80,80
82,2002-05-02,1,11 16 20 25 37 42,A,11 20 25 37 42,16,1,1,False,はずれ,0.676874,0.685076,core4_seen_balanced,120,24,36,10 12 19 25 26 39,28,81,81
82,2002-05-02,2,11 15 20 25 37 42,A,11 20 25 37 42,15,1,1,False,はずれ,0.676135,0.685076,core4_seen_balanced,120,24,36,10 12 19 25 26 39,28,81,81
82,2002-05-02,3,01 11 16 20 25 37,B,01 11 16 20 25,37,1,1,False,はずれ,0.665605,0.657846,core4_seen_balanced,120,24,36,10 12 19 25 26 39,28,81,81
82,2002-05-02,4,01 11 16 20 25 42,B,01 11 16 20 25,42,1,1,False,はずれ,0.655822,0.657846,core4_seen_balanced,120,24,36,10 12 19 25 26 39,28,81,81
82,2002-05-02,5,11 16 20 25 35 42,C,16 20 25 35 42,11,1,1,False,はずれ,0.659076,0.655454,core4_seen_balanced,120,24,36,10 12 19 25 26 39,28,81,81
83,2002-05-09,1,11 16 20 25 37 42,A,11 20 25 37 42,16,1,2,False,はずれ,0.640384,0.648418,core4_seen_balanced,120,24,36,01 16 21 28 35 37,30,82,82
83,2002-05-09,2,11 15 20 25 37 42,A,11 20 25 37 42,15,1,1,False,はずれ,0.638942,0.648418,core4_seen_balanced,120,24,36,01 16 21 28 35 37,30,82,82
83,2002-05-09,3,01 11 16 20 25 37,B,01 11 16 20 25,37,2,3,False,5等,0.628987,0.622912,core4_seen_balanced,120,24,36,01 16 21 28 35 37,30,82,82
83,2002-05-09,4,01 11 16 20 25 42,B,01 11 16 20 25,42,2,2,False,はずれ,0.621504,0.622912,core4_seen_balanced,120,24,36,01 16 21 28 35 37,30,82,82
83,2002-05-09,5,11 16 20 25 35 42,C,16 20 25 35 42,11,2,2,False,はずれ,0.623762,0.620994,core4_seen_balanced,120,24,36,01 16 21 28 35 37,30,82,82
84,2002-05-16,1,11 16 20 25 37 42,A,11 20 25 37 42,16,1,1,False,はずれ,0.651392,0.654067,core4_seen_balanced,120,24,36,17 19 26 28 35 37,40,83,83
84,2002-05-16,2,11 15 20 25 37 42,A,11 20 25 37 42,15,1,1,False,はずれ,0.644524,0.654067,core4_seen_balanced,120,24,36,17 19 26 28 35 37,40,83,83
84,2002-05-16,3,01 16 20 25 35 37,B,01 16 20 25 35,37,1,2,False,はずれ,0.654916,0.644893,core4_seen_balanced,120,24,36,17 19 26 28 35 37,40,83,83
84,2002-05-16,4,01 16 20 25 35 42,B,01 16 20 25 35,42,1,1,False,はずれ,0.642643,0.644893,core4_seen_balanced,120,24,36,17 19 26 28 35 37,40,83,83
84,2002-05-16,5,11 16 20 25 35 37,C,11 16 20 35 37,25,2,2,False,はずれ,0.648041,0.639959,core4_seen_balanced,120,24,36,17 19 26 28 35 37,40,83,83
85,2002-05-23,1,01 16 20 25 35 37,A,01 16 20 35 37,25,0,0,False,はずれ,0.641144,0.63512,core4_seen_balanced,120,24,36,05 13 18 22 23 32,28,84,84
85,2002-05-23,2,01 16 20 28 35 37,A,01 16 20 35 37,28,0,0,True,はずれ,0.632113,0.63512,core4_seen_balanced,120,24,36,05 13 18 22 23 32,28,84,84
85,2002-05-23,3,11 16 20 25 37 42,B,11 20 25 37 42,16,0,0,False,はずれ,0.628892,0.633373,core4_seen_balanced,120,24,36,05 13 18 22 23 32,28,84,84
85,2002-05-23,4,11 20 25 35 37 42,B,11 20 25 37 42,35,0,0,False,はずれ,0.625336,0.633373,core4_seen_balanced,120,24,36,05 13 18 22 23 32,28,84,84
85,2002-05-23,5,16 20 25 35 37 42,C,16 25 35 37 42,20,0,0,False,はずれ,0.62811,0.625627,core4_seen_balanced,120,24,36,05 13 18 22 23 32,28,84,84
86,2002-05-30,1,01 16 20 25 35 37,A,01 16 20 35 37,25,1,1,False,はずれ,0.644798,0.638615,core4_seen_balanced,120,24,36,03 07 16 24 29 36,26,85,85
86,2002-05-30,2,01 16 20 28 35 37,A,01 16 20 35 37,28,1,1,False,はずれ,0.635827,0.638615,core4_seen_balanced,120,24,36,03 07 16 24 29 36,26,85,85
86,2002-05-30,3,11 16 20 25 37 42,B,11 20 25 37 42,16,0,1,False,はずれ,0.631861,0.636034,core4_seen_balanced,120,24,36,03 07 16 24 29 36,26,85,85
86,2002-05-30,4,11 20 25 35 37 42,B,11 20 25 37 42,35,0,0,False,はずれ,0.628336,0.636034,core4_seen_balanced,120,24,36,03 07 16 24 29 36,26,85,85
86,2002-05-30,5,16 20 25 35 37 42,C,16 25 35 37 42,20,1,1,False,はずれ,0.631144,0.628503,core4_seen_balanced,120,24,36,03 07 16 24 29 36,26,85,85
87,2002-06-06,1,01 16 20 25 35 37,A,01 16 20 35 37,25,0,0,False,はずれ,0.646262,0.640333,core4_seen_balanced,120,24,36,03 08 12 36 39 41,10,86,86
87,2002-06-06,2,01 16 20 28 35 37,A,01 16 20 35 37,28,0,0,False,はずれ,0.636111,0.640333,core4_seen_balanced,120,24,36,03 08 12 36 39 41,10,86,86
87,2002-06-06,3,16 20 25 35 37 42,B,16 20 25 37 42,35,0,0,False,はずれ,0.630442,0.632587,core4_seen_balanced,120,24,36,03 08 12 36 39 41,10,86,86
87,2002-06-06,4,11 16 20 25 37 42,B,16 20 25 37 42,11,0,0,False,はずれ,0.629365,0.632587,core4_seen_balanced,120,24,36,03 08 12 36 39 41,10,86,86
87,2002-06-06,5,11 16 20 28 35 37,C,11 20 28 35 37,16,0,0,False,はずれ,0.626277,0.625189,core4_seen_balanced,120,24,36,03 08 12 36 39 41,10,86,86
88,2002-06-13,1,01 16 20 25 35 37,A,01 16 20 35 37,25,1,1,False,はずれ,0.649452,0.6434,core4_seen_balanced,120,24,36,05 06 08 20 21 26,30,87,87
88,2002-06-13,2,01 16 20 28 35 37,A,01 16 20 35 37,28,1,1,False,はずれ,0.639353,0.6434,core4_seen_balanced,120,24,36,05 06 08 20 21 26,30,87,87
88,2002-06-13,3,11 16 20 25 35 37,B,11 16 20 25 37,35,1,1,False,はずれ,0.631806,0.635335,core4_seen_balanced,120,24,36,05 06 08 20 21 26,30,87,87
88,2002-06-13,4,11 16 20 25 37 42,B,11 16 20 25 37,42,1,1,False,はずれ,0.625026,0.635335,core4_seen_balanced,120,24,36,05 06 08 20 21 26,30,87,87
88,2002-06-13,5,16 20 25 35 37 42,C,16 25 35 37 42,20,0,1,False,はずれ,0.633538,0.631556,core4_seen_balanced,120,24,36,05 06 08 20 21 26,30,87,87
89,2002-06-20,1,01 16 20 25 35 37,A,01 16 20 35 37,25,1,1,False,はずれ,0.653806,0.647875,core4_seen_balanced,120,24,36,03 13 23 30 35 43,21,88,88
89,2002-06-20,2,01 16 20 28 35 37,A,01 16 20 35 37,28,1,1,False,はずれ,0.643754,0.647875,core4_seen_balanced,120,24,36,03 13 23 30 35 43,21,88,88
89,2002-06-20,3,11 16 20 25 35 37,B,11 16 20 25 37,35,0,1,False,はずれ,0.636124,0.639712,core4_seen_balanced,120,24,36,03 13 23 30 35 43,21,88,88
89,2002-06-20,4,11 16 20 25 37 42,B,11 16 20 25 37,42,0,0,False,はずれ,0.628767,0.639712,core4_seen_balanced,120,24,36,03 13 23 30 35 43,21,88,88
89,2002-06-20,5,16 20 25 35 37 42,C,16 25 35 37 42,20,1,1,False,はずれ,0.637598,0.633912,core4_seen_balanced,120,24,36,03 13 23 30 35 43,21,88,88
90,2002-06-27,1,01 16 20 25 35 37,A,01 16 20 35 37,25,0,0,False,はずれ,0.660495,0.655125,core4_seen_balanced,120,24,36,13 15 17 18 30 32,09,89,89
90,2002-06-27,2,01 16 20 28 35 37,A,01 16 20 35 37,28,0,0,False,はずれ,0.650488,0.655125,core4_seen_balanced,120,24,36,13 15 17 18 30 32,09,89,89
90,2002-06-27,3,11 16 20 25 35 37,B,11 16 20 25 37,35,0,0,False,はずれ,0.643316,0.642478,core4_seen_balanced,120,24,36,13 15 17 18 30 32,09,89,89
90,2002-06-27,4,11 16 20 23 25 37,B,11 16 20 25 37,23,0,0,False,はずれ,0.635773,0.642478,core4_seen_balanced,120,24,36,13 15 17 18 30 32,09,89,89
90,2002-06-27,5,16 20 25 35 37 42,C,16 25 35 37 42,20,0,0,False,はずれ,0.643855,0.640499,core4_seen_balanced,120,24,36,13 15 17 18 30 32,09,89,89
91,2002-07-04,1,01 16 20 25 35 37,A,01 16 20 35 37,25,0,0,False,はずれ,0.663325,0.657898,core4_seen_balanced,120,24,36,13 15 17 26 41 43,06,90,90
91,2002-07-04,2,01 16 20 28 35 37,A,01 16 20 35 37,28,0,0,False,はずれ,0.653359,0.657898,core4_seen_balanced,120,24,36,13 15 17 26 41 43,06,90,90
91,2002-07-04,3,11 16 20 25 35 37,B,11 16 20 25 37,35,0,0,False,はずれ,0.646127,0.645059,core4_seen_balanced,120,24,36,13 15 17 26 41 43,06,90,90
91,2002-07-04,4,11 16 20 23 25 37,B,11 16 20 25 37,23,0,0,False,はずれ,0.638585,0.645059,core4_seen_balanced,120,24,36,13 15 17 26 41 43,06,90,90
91,2002-07-04,5,16 20 25 35 37 42,C,16 25 35 37 42,20,0,0,False,はずれ,0.646281,0.642654,core4_seen_balanced,120,24,36,13 15 17 26 41 43,06,90,90
92,2002-07-11,1,01 16 20 25 35 37,A,01 16 20 35 37,25,1,1,True,はずれ,0.665972,0.660493,core4_seen_balanced,120,24,36,05 17 20 24 28 40,16,91,91
92,2002-07-11,2,01 16 20 28 35 37,A,01 16 20 35 37,28,1,2,True,はずれ,0.656045,0.660493,core4_seen_balanced,120,24,36,05 17 20 24 28 40,16,91,91
92,2002-07-11,3,11 16 20 25 35 37,B,11 16 20 25 37,35,1,1,True,はずれ,0.648757,0.647474,core4_seen_balanced,120,24,36,05 17 20 24 28 40,16,91,91
92,2002-07-11,4,11 16 20 23 25 37,B,11 16 20 25 37,23,1,1,True,はずれ,0.641215,0.647474,core4_seen_balanced,120,24,36,05 17 20 24 28 40,16,91,91
92,2002-07-11,5,11 16 20 28 35 37,C,11 20 28 35 37,16,2,2,True,はずれ,0.646043,0.644887,core4_seen_balanced,120,24,36,05 17 20 24 28 40,16,91,91
93,2002-07-18,1,01 16 20 25 35 37,A,01 16 20 35 37,25,1,1,False,はずれ,0.672961,0.668198,core4_seen_balanced,120,24,36,10 23 33 36 37 41,28,92,92
93,2002-07-18,2,01 16 20 28 35 37,A,01 16 20 35 37,28,1,1,True,はずれ,0.666365,0.668198,core4_seen_balanced,120,24,36,10 23 33 36 37 41,28,92,92
93,2002-07-18,3,11 16 20 28 35 37,B,11 20 28 35 37,16,1,1,True,はずれ,0.658935,0.65947,core4_seen_balanced,120,24,36,10 23 33 36 37 41,28,92,92
93,2002-07-18,4,11 15 20 28 35 37,B,11 20 28 35 37,15,1,1,True,はずれ,0.655485,0.65947,core4_seen_balanced,120,24,36,10 23 33 36 37 41,28,92,92
93,2002-07-18,5,11 16 20 25 35 37,C,11 16 20 25 37,35,1,1,False,はずれ,0.655731,0.65501,core4_seen_balanced,120,24,36,10 23 33 36 37 41,28,92,92
94,2002-07-25,1,16 20 23 25 35 37,A,16 20 23 35 37,25,1,1,False,はずれ,0.63914,0.643002,core4_seen_balanced,120,24,36,11 16 17 18 29 40,09,93,93
94,2002-07-25,2,16 20 23 28 35 37,A,16 20 23 35 37,28,1,1,False,はずれ,0.63456,0.643002,core4_seen_balanced,120,24,36,11 16 17 18 29 40,09,93,93
94,2002-07-25,3,11 16 20 28 35 37,B,11 20 28 35 37,16,1,2,False,はずれ,0.631008,0.63279,core4_seen_balanced,120,24,36,11 16 17 18 29 40,09,93,93
94,2002-07-25,4,11 15 20 28 35 37,B,11 20 28 35 37,15,1,1,False,はずれ,0.627025,0.63279,core4_seen_balanced,120,24,36,11 16 17 18 29 40,09,93,93
94,2002-07-25,5,01 16 20 25 35 37,C,01 16 20 25 35,37,1,1,False,はずれ,0.642319,0.62968,core4_seen_balanced,120,24,36,11 16 17 18 29 40,09,93,93
95,2002-08-01,1,16 20 23 25 35 37,A,16 20 23 35 37,25,0,1,False,はずれ,0.638853,0.643697,core4_seen_balanced,120,24,36,02 03 12 15 25 27,33,94,94
95,2002-08-01,2,16 20 23 28 35 37,A,16 20 23 35 37,28,0,0,False,はずれ,0.633817,0.643697,core4_seen_balanced,120,24,36,02 03 12 15 25 27,33,94,94
95,2002-08-01,3,11 16 20 25 35 37,B,11 16 20 25 37,35,1,1,False,はずれ,0.629311,0.631713,core4_seen_balanced,120,24,36,02 03 12 15 25 27,33,94,94
95,2002-08-01,4,11 16 20 23 25 37,B,11 16 20 25 37,23,1,1,False,はずれ,0.627462,0.631713,core4_seen_balanced,120,24,36,02 03 12 15 25 27,33,94,94
95,2002-08-01,5,11 16 20 28 35 37,C,11 20 28 35 37,16,0,0,False,はずれ,0.630228,0.629391,core4_seen_balanced,120,24,36,02 03 12 15 25 27,33,94,94
96,2002-08-08,1,16 20 23 25 35 37,A,16 20 23 35 37,25,0,0,True,はずれ,0.642018,0.646208,core4_seen_balanced,120,24,36,01 13 15 34 36 43,37,95,95
96,2002-08-08,2,15 16 20 23 35 37,A,16 20 23 35 37,15,0,1,True,はずれ,0.640027,0.646208,core4_seen_balanced,120,24,36,01 13 15 34 36 43,37,95,95
96,2002-08-08,3,11 16 20 25 35 37,B,11 16 20 25 37,35,0,0,True,はずれ,0.632417,0.63483,core4_seen_balanced,120,24,36,01 13 15 34 36 43,37,95,95
96,2002-08-08,4,11 16 20 23 25 37,B,11 16 20 25 37,23,0,0,True,はずれ,0.630629,0.63483,core4_seen_balanced,120,24,36,01 13 15 34 36 43,37,95,95
96,2002-08-08,5,11 16 20 28 35 37,C,11 20 28 35 37,16,0,0,True,はずれ,0.63288,0.631886,core4_seen_balanced,120,24,36,01 13 15 34 36 43,37,95,95
97,2002-08-15,1,15 16 20 23 35 37,A,16 20 23 35 37,15,1,1,False,はずれ,0.649473,0.64858,core4_seen_balanced,120,24,36,04 10 17 34 35 42,43,96,96
97,2002-08-15,2,16 20 23 25 35 37,A,16 20 23 35 37,25,1,1,False,はずれ,0.644549,0.64858,core4_seen_balanced,120,24,36,04 10 17 34 35 42,43,96,96
97,2002-08-15,3,11 16 20 25 35 37,B,11 16 20 25 37,35,0,1,False,はずれ,0.63495,0.637304,core4_seen_balanced,120,24,36,04 10 17 34 35 42,43,96,96
97,2002-08-15,4,11 16 20 23 25 37,B,11 16 20 25 37,23,0,0,False,はずれ,0.63322,0.637304,core4_seen_balanced,120,24,36,04 10 17 34 35 42,43,96,96
97,2002-08-15,5,15 16 20 30 35 37,C,15 20 30 35 37,16,1,1,False,はずれ,0.630509,0.634762,core4_seen_balanced,120,24,36,04 10 17 34 35 42,43,96,96
98,2002-08-22,1,15 16 20 23 35 37,A,16 20 23 35 37,15,2,2,False,はずれ,0.659954,0.659875,core4_seen_balanced,120,24,36,07 16 34 37 38 39,08,97,97
98,2002-08-22,2,16 20 23 25 35 37,A,16 20 23 35 37,25,2,2,False,はずれ,0.655351,0.659875,core4_seen_balanced,120,24,36,07 16 34 37 38 39,08,97,97
98,2002-08-22,3,15 16 20 30 35 37,B,15 20 30 35 37,16,1,2,False,はずれ,0.641911,0.646385,core4_seen_balanced,120,24,36,07 16 34 37 38 39,08,97,97
98,2002-08-22,4,15 20 23 30 35 37,B,15 20 30 35 37,23,1,1,False,はずれ,0.640691,0.646385,core4_seen_balanced,120,24,36,07 16 34 37 38 39,08,97,97
98,2002-08-22,5,11 13 20 28 35 37,C,11 20 28 35 37,13,1,1,False,はずれ,0.636196,0.645867,core4_seen_balanced,120,24,36,07 16 34 37 38 39,08,97,97
99,2002-08-29,1,15 16 20 23 35 37,A,16 20 23 35 37,15,0,0,False,はずれ,0.639408,0.642977,core4_seen_balanced,120,24,36,05 09 12 28 29 39,27,98,98
99,2002-08-29,2,16 20 23 25 35 37,A,16 20 23 35 37,25,0,0,False,はずれ,0.635388,0.642977,core4_seen_balanced,120,24,36,05 09 12 28 29 39,27,98,98
99,2002-08-29,3,11 16 20 25 35 37,B,11 16 20 25 37,35,0,0,False,はずれ,0.626433,0.629157,core4_seen_balanced,120,24,36,05 09 12 28 29 39,27,98,98
99,2002-08-29,4,11 16 20 23 25 37,B,11 16 20 25 37,23,0,0,False,はずれ,0.623071,0.629157,core4_seen_balanced,120,24,36,05 09 12 28 29 39,27,98,98
99,2002-08-29,5,11 16 20 28 35 37,C,11 20 28 35 37,16,1,1,False,はずれ,0.625952,0.622465,core4_seen_balanced,120,24,36,05 09 12 28 29 39,27,98,98
100,2002-09-05,1,15 16 20 23 35 37,A,16 20 23 35 37,15,0,0,True,はずれ,0.637572,0.640745,core4_seen_balanced,120,24,36,06 08 11 14 31 33,23,99,99
100,2002-09-05,2,16 20 23 25 35 37,A,16 20 23 35 37,25,0,0,True,はずれ,0.632901,0.640745,core4_seen_balanced,120,24,36,06 08 11 14 31 33,23,99,99
100,2002-09-05,3,11 16 20 25 35 37,B,11 16 20 25 37,35,1,1,False,はずれ,0.623442,0.626259,core4_seen_balanced,120,24,36,06 08 11 14 31 33,23,99,99
100,2002-09-05,4,11 16 20 25 28 37,B,11 16 20 25 37,28,1,1,False,はずれ,0.620148,0.626259,core4_seen_balanced,120,24,36,06 08 11 14 31 33,23,99,99
100,2002-09-05,5,11 16 20 28 35 37,C,11 20 28 35 37,16,1,1,False,はずれ,0.62366,0.620347,core4_seen_balanced,120,24,36,06 08 11 14 31 33,23,99,99
101,2002-09-12,1,15 16 20 23 35 37,A,16 20 23 35 37,15,0,0,True,はずれ,0.650417,0.653119,core4_seen_balanced,120,24,36,21 27 29 30 36 40,23,100,100
101,2002-09-12,2,16 20 23 25 35 37,A,16 20 23 35 37,25,0,0,True,はずれ,0.646124,0.653119,core4_seen_balanced,120,24,36,21 27 29 30 36 40,23,100,100
101,2002-09-12,3,11 16 20 25 35 37,B,11 16 20 25 37,35,0,0,False,はずれ,0.636781,0.639652,core4_seen_balanced,120,24,36,21 27 29 30 36 40,23,100,100
101,2002-09-12,4,11 16 20 23 25 37,B,11 16 20 25 37,23,0,0,True,はずれ,0.63418,0.639652,core4_seen_balanced,120,24,36,21 27 29 30 36 40,23,100,100
101,2002-09-12,5,15 16 20 30 35 37,C,15 20 30 35 37,16,1,1,False,はずれ,0.630664,0.632993,core4_seen_balanced,120,24,36,21 27 29 30 36 40,23,100,100
